product_ref,product_code,product_name,product_name_norm,observed_clients,observed_sale_rows,observed_subscription_rows,min_duration_days,max_duration_days,avg_duration_days,is_full_subscription_candidate,is_trial_or_guest_candidate,product_class,classification_reason,needs_manual_review
B086000C29D830FD11F02BCC8AA8ED67,00000001606,Абонемент УЛЬТРА 9 месяцев (3 месяца заморозки в подарок) Ровио,абонемент ультра 9 месяцев (3 месяца заморозки в подарок) ровио,8,8,8,273,366,297.375000,1,0,full_subscription,full keyword + duration >= 30 + no trial/exclude keyword,1
B07D000C29D830FD11F024EBAFD0BD0A,00000001597,Абонемент УЛЬТРА 12 месяцев + 3 месяца заморозки в подарок,абонемент ультра 12 месяцев + 3 месяца заморозки в подарок,73,73,73,48,547,363.739726,1,0,full_subscription,full keyword + duration >= 30 + no trial/exclude keyword,1
B0E5000C29D830FD11F06EC78AD2D6CB,00000001648,Абонемент МУЛЬТИКАРТА 12 месяцев + 2 месяца заморозки в подарок (СПЕЦПРЕДЛОЖЕНИЕ),абонемент мультикарта 12 месяцев + 2 месяца заморозки в подарок (спецпредложение),621,638,638,1,592,366.815047,1,0,full_subscription,full keyword + duration >= 30 + no trial/exclude keyword,1
B08A000C29D830FD11F02F0F91882165,00000001607,Мультикарта на 9 месяцев + 3 месяца заморозки в подарок,мультикарта на 9 месяцев + 3 месяца заморозки в подарок,6,6,6,273,395,309.333333,1,0,full_subscription,full keyword + duration >= 30 + no trial/exclude keyword,1
B0BE000C29D830FD11F0519A15B1F35E,00000001619,Абонемент МУЛЬТИКАРТА 12 месяцев + 3 месяца заморозки в подарок СПЕЦПРЕДЛОЖЕНИЕ,абонемент мультикарта 12 месяцев + 3 месяца заморозки в подарок спецпредложение,433,447,447,1,8996,405.574944,1,0,full_subscription,full keyword + duration >= 30 + no trial/exclude keyword,1
B086000C29D830FD11F02BCC649B1DE5,00000001605,Абонемент УЛЬТРА 9 месяцев (3 месяца заморозки в подарок),абонемент ультра 9 месяцев (3 месяца заморозки в подарок),30,30,30,18,365,276.200000,1,0,full_subscription,full keyword + duration >= 30 + no trial/exclude keyword,1
B07F000C29D830FD11F026949FF4A862,00000001603,Абонемент УЛЬТРА 15 месяцев + 3 месяца заморозки в подарок(Ровио),абонемент ультра 15 месяцев + 3 месяца заморозки в подарок(ровио),3,3,3,473,505,484.666666,1,0,full_subscription,full keyword + duration >= 30 + no trial/exclude keyword,1
B0E5000C29D830FD11F06EA754E9EEA1,00000001647,УЛЬТРА 12 месяцев + 2 месяца заморозки в подарок (Ровио),ультра 12 месяцев + 2 месяца заморозки в подарок (ровио),20,20,20,365,456,373.800000,1,0,full_subscription,full keyword + duration >= 30 + no trial/exclude keyword,1
B07D000C29D830FD11F024EC5F69C3D5,00000001598,Абонемент УЛЬТРА 12 месяцев + 3 месяца заморозки в подарок (Ровио),абонемент ультра 12 месяцев + 3 месяца заморозки в подарок (ровио),17,17,17,164,455,361.529411,1,0,full_subscription,full keyword + duration >= 30 + no trial/exclude keyword,1
B07D000C29D830FD11F024ECA950807E,00000001599,Абонемент МУЛЬТИКАРТА 12 месяцев (3 месяца заморозки в подарок),абонемент мультикарта 12 месяцев (3 месяца заморозки в подарок),140,144,144,88,487,385.993055,1,0,full_subscription,full keyword + duration >= 30 + no trial/exclude keyword,1
B0D9000C29D830FD11F066CA213D0981,00000001642,Абонемент МУЛЬТИКАРТА 12 месяцев + 2 месяца заморозки в подарок,абонемент мультикарта 12 месяцев + 2 месяца заморозки в подарок,1103,1124,1124,1,9034,389.583629,1,0,full_subscription,full keyword + duration >= 30 + no trial/exclude keyword,1
B07F000C29D830FD11F0264A4786DE5E,00000001602,Абонемент УЛЬТРА 15 месяцев (подарок),абонемент ультра 15 месяцев (подарок),97,98,98,2,8943,528.897959,1,0,full_subscription,full keyword + duration >= 30 + no trial/exclude keyword,0
B07F000C29D830FD11F026491FFD750E,00000001601,Абонемент Ультра 15 месяцев (подарок),абонемент ультра 15 месяцев (подарок),928,949,949,1,9026,468.850368,1,0,full_subscription,full keyword + duration >= 30 + no trial/exclude keyword,0
AFDF000C29D830FD11EFABF387F9A251,00000001493,"Абонемент УЛЬТРА 12 месяцев СПЕЦПРЕДЛОЖЕНИЕ (Промышленная,10)","абонемент ультра 12 месяцев спецпредложение (промышленная,10)",8,8,8,172,396,348.500000,1,0,full_subscription,full keyword + duration >= 30 + no trial/exclude keyword,0
AEAA000C29D830FD11EEC4E4326F1D21,00000001294,"Абонемент УЛЬТРА 1 МЕСЯЦ 990,00","абонемент ультра 1 месяц 990,00",791,823,823,1,364,30.436208,1,0,full_subscription,full keyword + duration >= 30 + no trial/exclude keyword,0
AAACA4BF01266AD311E94A15A0C70726,00000000139,Абонемент в солярий на 100+50 минут,абонемент в солярий на 100+50 минут,77,92,92,1,182,84.347826,1,0,full_subscription,full keyword + duration >= 30 + no trial/exclude keyword,0
AAACA4BF01266AD311E939A6E7B818CF,00000000135,Абонемент УЛЬТРА 3 месяца,абонемент ультра 3 месяца,765,826,826,2,570,92.145278,1,0,full_subscription,full keyword + duration >= 30 + no trial/exclude keyword,0
B19B000C29D830FD11F0F7664E441C56,00000001707,Абонемент МУЛЬТИКАРТА 15 месяцев (подарок) спецпредложение,абонемент мультикарта 15 месяцев (подарок) спецпредложение,702,717,717,1,627,431.158995,1,0,full_subscription,full keyword + duration >= 30 + no trial/exclude keyword,0
AFC5000C29D830FD11EF975CDE34AF39,00000001474,Студенческий дневной абонемент 9 месяцев,студенческий дневной абонемент 9 месяцев,7,7,7,4,363,209.285714,1,0,full_subscription,full keyword + duration >= 30 + no trial/exclude keyword,0
ADE5000C29D830FD11EE2FAA51E27B3F,00000001156,Мультикарта на 9 месяцев,мультикарта на 9 месяцев,67,67,67,8,456,297.253731,1,0,full_subscription,full keyword + duration >= 30 + no trial/exclude keyword,0
AC82A4BF01266AD411ECF6D9EFBC2966,00000000794,Абонемент МУЛЬТИ 24 месяцев,абонемент мульти 24 месяцев,666,668,668,3,976,733.510479,1,0,full_subscription,full keyword + duration >= 30 + no trial/exclude keyword,0
B011000C29D830FD11EFD3395B37CB5B,00000001548,Абонемент МУЛЬТИКАРТА 12 месяцев,абонемент мультикарта 12 месяцев,65,65,65,13,513,397.230769,1,0,full_subscription,full keyword + duration >= 30 + no trial/exclude keyword,0
AAE1A4BF01266AD411EAD260BBD73CB8,00000000318,АБОНЕМЕНТ ДЖАМПИНГ 12 пос,абонемент джампинг 12 пос,6,6,6,43,61,55.166666,1,0,full_subscription,full keyword + duration >= 30 + no trial/exclude keyword,0
AA9EA4BF01266AD311E8D82589232D86,00000000110,Абонемент УЛЬТРА 12+2 месяца в подарок,абонемент ультра 12+2 месяца в подарок,590,665,665,1,6843,545.545864,1,0,full_subscription,full keyword + duration >= 30 + no trial/exclude keyword,0
AA9EA4BF01266AD311E8D82589232D6C,00000000089,Абонемент УЛЬТРА 1 МЕСЯЦ 8 посещений,абонемент ультра 1 месяц 8 посещений,568,772,772,2,6843,42.326424,1,0,full_subscription,full keyword + duration >= 30 + no trial/exclude keyword,0
AA9EA4BF01266AD311E8D82589232D6D,00000000090,Абонемент УЛЬТРА 1 МЕСЯЦ БЕЗЛИМИТ,абонемент ультра 1 месяц безлимит,5433,8289,8289,1,8795,36.003739,1,0,full_subscription,full keyword + duration >= 30 + no trial/exclude keyword,0
AA9EA4BF01266AD311E8D82589232D6B,00000000088,Абонемент УЛЬТРА 1 МЕСЯЦ 12 посещений,абонемент ультра 1 месяц 12 посещений,534,695,695,7,501,33.633093,1,0,full_subscription,full keyword + duration >= 30 + no trial/exclude keyword,0
B105000C29D830FD11F087275A01BCD1,00000001653,Студенческий дневной абонемент 9 месяцев (посещение клуба до 17:00),студенческий дневной абонемент 9 месяцев (посещение клуба до 17:00),51,51,51,17,299,266.450980,1,0,full_subscription,full keyword + duration >= 30 + no trial/exclude keyword,0
B069000C29D830FD11F0152F03951542,00000001594,Абонемент МУЛЬТИКАРТА 12 месяцев (подарок),абонемент мультикарта 12 месяцев (подарок),507,520,520,1,8916,448.334615,1,0,full_subscription,full keyword + duration >= 30 + no trial/exclude keyword,0
AFA0000C29D830FD11EF7CC5E212F861,00000001456,АБОНЕМЕНТ САЙКЛ 12 пос без клубной карты,абонемент сайкл 12 пос без клубной карты,5,20,20,57,365,200.950000,1,0,full_subscription,full keyword + duration >= 30 + no trial/exclude keyword,0
B15C000C29D830FD11F0C76FC84AC76D,00000001685,Абонемент МУЛЬТИКАРТА 12 месяцев + подарок,абонемент мультикарта 12 месяцев + подарок,474,483,483,1,9152,482.238095,1,0,full_subscription,full keyword + duration >= 30 + no trial/exclude keyword,0
B146000C29D830FD11F0B65F43E97E57,00000001679,Абонемент УЛЬТРА 12 месяцев СПЕЦПРЕДЛОЖЕНИЕ (вип),абонемент ультра 12 месяцев спецпредложение (вип),458,468,468,1,455,355.705128,1,0,full_subscription,full keyword + duration >= 30 + no trial/exclude keyword,0
AD36A4BF01266AD411EDC1A048E41F15,00000000963,Мультикарта на 6 месяцев,мультикарта на 6 месяцев,43,51,51,149,752,254.921568,1,0,full_subscription,full keyword + duration >= 30 + no trial/exclude keyword,0
B069000C29D830FD11F0152F48EC1111,00000001595,"Абонемент УЛЬТРА 12 месяцев (акция 3 мес. в подарок) Ровио,3","абонемент ультра 12 месяцев (акция 3 мес. в подарок) ровио,3",41,42,42,79,9006,595.023809,1,0,full_subscription,full keyword + duration >= 30 + no trial/exclude keyword,0
AD48A4BF01266AD411EDCFC483BF75AC,00000000992,Мультикарта на 1 месяц,мультикарта на 1 месяц,4,4,4,30,31,30.250000,1,0,full_subscription,full keyword + duration >= 30 + no trial/exclude keyword,0
B0E5000C29D830FD11F06EA6F8544521,00000001646,УЛЬТРА 12 месяцев + подарок,ультра 12 месяцев + подарок,392,395,395,1,546,412.782278,1,0,full_subscription,full keyword + duration >= 30 + no trial/exclude keyword,0
AD93000C29D830FD11EDF56118F6B1C6,00000001110,Абонемент МУЛЬТИКАРТА 12 месяцев+2 лета в подарок,абонемент мультикарта 12 месяцев+2 лета в подарок,391,393,393,1,665,477.577608,1,0,full_subscription,full keyword + duration >= 30 + no trial/exclude keyword,0
AC82A4BF01266AD411ECF6D998D2B3FC,00000000793,Абонемент УЛЬТРА 24 месяца,абонемент ультра 24 месяца,354,357,357,1,8023,740.350140,1,0,full_subscription,full keyword + duration >= 30 + no trial/exclude keyword,0
AF9A000C29D830FD11EF7A78EEE69185,00000001452,"АБОНЕМЕНТ лимфодренажная тренировка (10 посещений),1 мес.","абонемент лимфодренажная тренировка (10 посещений),1 мес.",35,55,55,1,30,29.472727,1,0,full_subscription,full keyword + duration >= 30 + no trial/exclude keyword,0
AFC6000C29D830FD11EF98257AD3CBC0,00000001479,"Абонемент УЛЬТРА 12 месяцев (Ровио,3)","абонемент ультра 12 месяцев (ровио,3)",34,34,34,2,8763,843.705882,1,0,full_subscription,full keyword + duration >= 30 + no trial/exclude keyword,0
B1B2000C29D830FD11F109745F404A62,00000001714,Абонемент МУЛЬТИКАРТА 12 месяцев + подарок (СПЕЦПРЕДЛОЖЕНИЕ),абонемент мультикарта 12 месяцев + подарок (спецпредложение),338,347,347,1,457,361.965417,1,0,full_subscription,full keyword + duration >= 30 + no trial/exclude keyword,0
AE53000C29D830FD11EE83B9E96410DE,00000001233,"Холодные 9 900,00 МУЛЬТИКАРТА 12 месяцев","холодные 9 900,00 мультикарта 12 месяцев",33,33,33,247,543,371.333333,1,0,full_subscription,full keyword + duration >= 30 + no trial/exclude keyword,0
AA9BA4BF01266AD311E8AABCC0ED0D93,00000000055,Абонемент в солярий на 50 минут,абонемент в солярий на 50 минут,323,479,479,1,325,29.774530,1,0,full_subscription,full keyword + duration >= 30 + no trial/exclude keyword,0
B069000C29D830FD11F0152ECB3799C8,00000001592,Абонемент УЛЬТРА 12 месяцев (акция 3 мес. в подарок),абонемент ультра 12 месяцев (акция 3 мес. в подарок),304,305,305,2,8944,460.511475,1,0,full_subscription,full keyword + duration >= 30 + no trial/exclude keyword,0
AE53000C29D830FD11EE83B9F6FF81EB,00000001234,"Холодные 9 900,00 УЛЬТРА 12 месяцев","холодные 9 900,00 ультра 12 месяцев",30,30,30,2,424,314.966666,1,0,full_subscription,full keyword + duration >= 30 + no trial/exclude keyword,0
AFDF000C29D830FD11EFABF3C8720575,00000001494,"Абонемент МУЛЬТИКАРТА 12 месяцев СПЕЦПРЕДЛОЖЕНИЕ(Промышленная,10)","абонемент мультикарта 12 месяцев спецпредложение(промышленная,10)",3,3,3,2,364,179.000000,1,0,full_subscription,full keyword + duration >= 30 + no trial/exclude keyword,0
B069000C29D830FD11F0152EE144CBEF,00000001593,Абонемент МУЛЬТИКАРТА+6 месяцев в подарок,абонемент мультикарта+6 месяцев в подарок,3,3,3,545,551,548.000000,1,0,full_subscription,full keyword + duration >= 30 + no trial/exclude keyword,0
AFA0000C29D830FD11EF7CC3BB16B910,00000001455,АБОНЕМЕНТ САЙКЛ 8 пос без клубной карты,абонемент сайкл 8 пос без клубной карты,3,3,3,43,365,257.666666,1,0,full_subscription,full keyword + duration >= 30 + no trial/exclude keyword,0
B20C000C29D830FD11F14B7D841F6EB2,00000001740,Абонемент УЛЬТРА 15 месяцев (рассрочка),абонемент ультра 15 месяцев (рассрочка),3,3,3,457,457,457.000000,1,0,full_subscription,full keyword + duration >= 30 + no trial/exclude keyword,0
AFC6000C29D830FD11EF98242CB87B33,00000001476,МУЛЬТИКАРТА 6 месяцев + 3 месяца в подарок,мультикарта 6 месяцев + 3 месяца в подарок,3,3,3,196,273,247.333333,1,0,full_subscription,full keyword + duration >= 30 + no trial/exclude keyword,0
B05D000C29D830FD11F00BFE1769EF12,00000001589,"Абонемент УЛЬТРА 12 месяцев (акция 2 мес. в подарок) Ровио,3","абонемент ультра 12 месяцев (акция 2 мес. в подарок) ровио,3",28,28,28,2,551,392.607142,1,0,full_subscription,full keyword + duration >= 30 + no trial/exclude keyword,0
AA9BA4BF01266AD311E8AABCC0ED0D94,00000000056,Абонемент в солярий на 100 минут,абонемент в солярий на 100 минут,273,542,542,1,259,57.424354,1,0,full_subscription,full keyword + duration >= 30 + no trial/exclude keyword,0
B011000C29D830FD11EFD3392E0437FE,00000001547,Абонемент УЛЬТРА 15 месяцев,абонемент ультра 15 месяцев,27,27,27,454,457,455.259259,1,0,full_subscription,full keyword + duration >= 30 + no trial/exclude keyword,0
AC0CA4BF01266AD411EC2517A486C8B0,00000000412,Абонемент УЛЬТРА 9 месяцев СПЕЦПРЕДЛОЖЕНИЕ,абонемент ультра 9 месяцев спецпредложение,27,27,27,260,422,285.777777,1,0,full_subscription,full keyword + duration >= 30 + no trial/exclude keyword,0
AD93000C29D830FD11EDF560C6769CF4,00000001109,Абонемент УЛЬТРА 12 + 2 лета в подарок,абонемент ультра 12 + 2 лета в подарок,263,264,264,2,2283,464.628787,1,0,full_subscription,full keyword + duration >= 30 + no trial/exclude keyword,0
AAA5A4BF01266AD311E92073C42F4D72,00000000123,Абонемент УЛЬТРА 9 месяцев,абонемент ультра 9 месяцев,245,255,255,1,8818,421.384313,1,0,full_subscription,full keyword + duration >= 30 + no trial/exclude keyword,0
AA9EA4BF01266AD311E8D82589232D67,00000000085,Абонемент УЛЬТРА 12 месяцев,абонемент ультра 12 месяцев,22219,36380,36380,-7008,9070,505.496151,1,0,full_subscription,full keyword + duration >= 30 + no trial/exclude keyword,0
B059000C29D830FD11F0095C4A7DDB10,00000001580,Абонемент МУЛЬТИКАРТА 12 месяцев (2 месяца в подарок),абонемент мультикарта 12 месяцев (2 месяца в подарок),221,225,225,2,9060,497.533333,1,0,full_subscription,full keyword + duration >= 30 + no trial/exclude keyword,0
ABFFA4BF01266AD411EC1ADA324C7F0C,00000000411,Абонемент МУЛЬТИКАРТА 12 месяцев СПЕЦПРЕДЛОЖЕНИЕ,абонемент мультикарта 12 месяцев спецпредложение,2151,2321,2321,1,9115,407.371391,1,0,full_subscription,full keyword + duration >= 30 + no trial/exclude keyword,0
AEC5000C29D830FD11EED7EE75D6ECA8,00000001319,Абонемент УЛЬТРА 6+6 месяцев,абонемент ультра 6+6 месяцев,212,214,214,3,546,361.285046,1,0,full_subscription,full keyword + duration >= 30 + no trial/exclude keyword,0
B07A000C29D830FD11F0225ED693B798,00000001596,Абонемент МУЛЬТИКАРТА 12 месяцев + 3 месяца в подарок,абонемент мультикарта 12 месяцев + 3 месяца в подарок,209,212,212,30,547,403.504716,1,0,full_subscription,full keyword + duration >= 30 + no trial/exclude keyword,0
AADDA4BF01266AD411EAA56531B2D34A,00000000303,Абонемент УЛЬТРА 12 месяцев ДВОЙНОЕ / СЕМЕЙНЫЙ,абонемент ультра 12 месяцев двойное / семейный,2040,2178,2178,1,7725,414.928833,1,0,full_subscription,full keyword + duration >= 30 + no trial/exclude keyword,0
B19B000C29D830FD11F0F7641633DDE0,00000001706,Абонемент УЛЬТРА 12 месяцев СПЕЦПРЕДЛОЖЕНИЕ+подарок,абонемент ультра 12 месяцев спецпредложение+подарок,200,201,201,1,483,372.721393,1,0,full_subscription,full keyword + duration >= 30 + no trial/exclude keyword,0
B0A0000C29D830FD11F03EA6D5DF677E,00000001615,Абонемент УЛЬТРА 9 месяцев+3 месяца в подарок (Ровио),абонемент ультра 9 месяцев+3 месяца в подарок (ровио),20,20,20,363,517,377.150000,1,0,full_subscription,full keyword + duration >= 30 + no trial/exclude keyword,0
AAE1A4BF01266AD411EAD2609EC7CA97,00000000316,АБОНЕМЕНТ ДЖАМПИНГ 8 пос,абонемент джампинг 8 пос,2,2,2,28,45,36.500000,1,0,full_subscription,full keyword + duration >= 30 + no trial/exclude keyword,0
B0C7000C29D830FD11F058D15C96A16E,00000001626,Абонемент УЛЬТРА 12+2 месяца в подарок (Ровио),абонемент ультра 12+2 месяца в подарок (ровио),2,2,2,426,427,426.500000,1,0,full_subscription,full keyword + duration >= 30 + no trial/exclude keyword,0
AF92000C29D830FD11EF74E575A715DC,00000001443,Членство детская йога,членство детская йога,2,2,2,365,365,365.000000,1,0,full_subscription,full keyword + duration >= 30 + no trial/exclude keyword,0
AFC6000C29D830FD11EF9824DEDCBC71,00000001478,УЛЬТРА 9 месяцев + 3 месяца в подарок,ультра 9 месяцев + 3 месяца в подарок,194,196,196,2,9060,403.897959,1,0,full_subscription,full keyword + duration >= 30 + no trial/exclude keyword,0
AD44A4BF01266AD411EDCC6575DFF0DB,00000000979,Абонемент МУЛЬТИКАРТА+6 месяцев в подарок,абонемент мультикарта+6 месяцев в подарок,192,196,196,2,8886,594.770408,1,0,full_subscription,full keyword + duration >= 30 + no trial/exclude keyword,0
B166000C29D830FD11F0CF53AD7DF259,00000001689,Абонемент МУЛЬТИКАРТА 15 месяцев ,абонемент мультикарта 15 месяцев,19,19,19,454,456,455.210526,1,0,full_subscription,full keyword + duration >= 30 + no trial/exclude keyword,0
AAA5A4BF01266AD311E91A3D4FBC50D7,00000000120,АБОНЕМЕНТ САЙКЛ 12 пос при наличии клубной карты,абонемент сайкл 12 пос при наличии клубной карты,19,32,32,35,365,147.000000,1,0,full_subscription,full keyword + duration >= 30 + no trial/exclude keyword,0
AEAF000C29D830FD11EEC7329602C0B7,00000001296,"Студенческий абонемент 4 месяца 6 900,00","студенческий абонемент 4 месяца 6 900,00",186,227,227,5,8782,157.365638,1,0,full_subscription,full keyword + duration >= 30 + no trial/exclude keyword,0
AEA6000C29D830FD11EEC1CA5BF358FB,00000001293,Абонемент УЛЬТРА 1 МЕСЯЦ БЕСПЛАТНО,абонемент ультра 1 месяц бесплатно,185,189,189,28,211,32.724867,1,0,full_subscription,full keyword + duration >= 30 + no trial/exclude keyword,0
B20C000C29D830FD11F14B7D8E36311A,00000001741,Абонемент МУЛЬТИКАРТА 15 месяцев (рассрочка),абонемент мультикарта 15 месяцев (рассрочка),18,18,18,457,457,457.000000,1,0,full_subscription,full keyword + duration >= 30 + no trial/exclude keyword,0
AADDA4BF01266AD411EAA565276341F5,00000000302,Абонемент МУЛЬТИКАРТА 12 месяцев ДВОЙНОЕ / СЕМЕЙНЫЙ,абонемент мультикарта 12 месяцев двойное / семейный,1722,1864,1864,1,8562,378.689377,1,0,full_subscription,full keyword + duration >= 30 + no trial/exclude keyword,0
ABFFA4BF01266AD411EC1ADA0CBC08F3,00000000410,Абонемент УЛЬТРА 12 месяцев СПЕЦПРЕДЛОЖЕНИЕ,абонемент ультра 12 месяцев спецпредложение,1481,1555,1555,1,8761,407.835369,1,0,full_subscription,full keyword + duration >= 30 + no trial/exclude keyword,0
B051000C29D830FD11F003F365FABD18,00000001563,Абонемент УЛЬТРА 12 месяцев (акция 6 мес. в подарок),абонемент ультра 12 месяцев (акция 6 мес. в подарок),148,149,149,44,610,526.570469,1,0,full_subscription,full keyword + duration >= 30 + no trial/exclude keyword,0
AFC6000C29D830FD11EF982422461983,00000001475,МУЛЬТИКАРТА 9 месяцев + 3 месяца в подарок,мультикарта 9 месяцев + 3 месяца в подарок,134,136,136,5,458,348.992647,1,0,full_subscription,full keyword + duration >= 30 + no trial/exclude keyword,0
AD44A4BF01266AD411EDCC66079ACFF1,00000000980,Абонемент УЛЬТРА 12+6 месяцев,абонемент ультра 12+6 месяцев,133,135,135,2,790,533.511111,1,0,full_subscription,full keyword + duration >= 30 + no trial/exclude keyword,0
AAA5A4BF01266AD311E91A3D4FBC50D6,00000000119,АБОНЕМЕНТ САЙКЛ 8 пос при наличии клубной карты,абонемент сайкл 8 пос при наличии клубной карты,13,17,17,28,365,164.470588,1,0,full_subscription,full keyword + duration >= 30 + no trial/exclude keyword,0
AEC5000C29D830FD11EED7EE8F0A5876,00000001320,Абонемент МУЛЬТИ 6+6 месяцев,абонемент мульти 6+6 месяцев,125,125,125,2,455,369.392000,1,0,full_subscription,full keyword + duration >= 30 + no trial/exclude keyword,0
B055000C29D830FD11F006D674DB642B,00000001577,Абонемент УЛЬТРА 12 месяцев (акция 2 мес. в подарок),абонемент ультра 12 месяцев (акция 2 мес. в подарок),120,123,123,2,8864,465.723577,1,0,full_subscription,full keyword + duration >= 30 + no trial/exclude keyword,0
AAACA4BF01266AD311E94A15A0C70727,00000000140,Абонемент в солярий на 50 + 50 минут,абонемент в солярий на 50 + 50 минут,110,114,114,25,123,58.824561,1,0,full_subscription,full keyword + duration >= 30 + no trial/exclude keyword,0
B05D000C29D830FD11F00BFE1D62EE40,00000001590,"Абонемент УЛЬТРА 12 месяцев (акция 6 мес. в подарок) Ровио,3","абонемент ультра 12 месяцев (акция 6 мес. в подарок) ровио,3",11,11,11,228,551,501.000000,1,0,full_subscription,full keyword + duration >= 30 + no trial/exclude keyword,0
AC0CA4BF01266AD411EC2517AEDD80BB,00000000413,Абонемент УЛЬТРА 6 месяцев СПЕЦПРЕДЛОЖЕНИЕ,абонемент ультра 6 месяцев спецпредложение,11,11,11,180,332,196.181818,1,0,full_subscription,full keyword + duration >= 30 + no trial/exclude keyword,0
AFC6000C29D830FD11EF9824D2374455,00000001477,УЛЬТРА 6 месяцев + 3 месяца в подарок,ультра 6 месяцев + 3 месяца в подарок,11,11,11,78,273,255.272727,1,0,full_subscription,full keyword + duration >= 30 + no trial/exclude keyword,0
AA9EA4BF01266AD311E8D82589232D62,00000000082,Абонемент МУЛЬТИКАРТА 12 месяцев,абонемент мультикарта 12 месяцев,10819,15430,15430,-6765,8845,443.971160,1,0,full_subscription,full keyword + duration >= 30 + no trial/exclude keyword,0
B16E000C29D830FD11F0D5A9A2A8137B,00000001693,Абонемент МУЛЬТИКАРТА 12 месяцев + подарок (Спецпредложение),абонемент мультикарта 12 месяцев + подарок (спецпредложение),1040,1084,1084,1,9175,463.186346,1,0,full_subscription,full keyword + duration >= 30 + no trial/exclude keyword,0
B171000C29D830FD11F0D728F244887F,00000001694,Абонемент УЛЬТРА 12 месяцев ,абонемент ультра 12 месяцев,104,105,105,1,486,425.552380,1,0,full_subscription,full keyword + duration >= 30 + no trial/exclude keyword,0
ACDFA4BF01266AD411ED74A521E19145,00000000884,Мультикарта на 3 месяца,мультикарта на 3 месяца,10,10,10,90,92,90.700000,1,0,full_subscription,full keyword + duration >= 30 + no trial/exclude keyword,0
AE53000C29D830FD11EE83BA08AF427A,00000001235,"Холодные 13 900,00 МУЛЬТИ 24 месяца","холодные 13 900,00 мульти 24 месяца",10,10,10,731,780,735.900000,1,0,full_subscription,full keyword + duration >= 30 + no trial/exclude keyword,0
ADBD000C29D830FD11EE1101B895B72F,00000001128,Абонемент в солярий на 80 минут,абонемент в солярий на 80 минут,1,2,2,28,62,45.000000,1,0,full_subscription,full keyword + duration >= 30 + no trial/exclude keyword,0
B21C000C29D830FD11F156779FB32F41,00000001745,Абонемент МУЛЬТИКАРТА 15 месяцев (подарок),абонемент мультикарта 15 месяцев (подарок),1,1,1,450,450,450.000000,1,0,full_subscription,full keyword + duration >= 30 + no trial/exclude keyword,0
B0E3000C29D830FD11F06D394CE51670,00000001644,Абонемент УЛЬТРА 9 месяцев (6 месяцев в подарок),абонемент ультра 9 месяцев (6 месяцев в подарок),1,1,1,462,462,462.000000,1,0,full_subscription,full keyword + duration >= 30 + no trial/exclude keyword,0
B0E3000C29D830FD11F06D3AF7D17F2B,00000001645,Мультикарта 9 месяцев (6 месяцев в подарок),мультикарта 9 месяцев (6 месяцев в подарок),1,1,1,457,457,457.000000,1,0,full_subscription,full keyword + duration >= 30 + no trial/exclude keyword,0
B07E000C29D830FD11F0259878589A01,00000001600,"Абонемент МУЛЬТИ 12 месяцев (Акция "" + 3 мес. в подарок + 3 мес. заморозки) 10 900,00 ","абонемент мульти 12 месяцев (акция "" + 3 мес. в подарок + 3 мес. заморозки) 10 900,00",0,0,0,,,,0,0,other_sale,not observed as subscription product,1
AEEE000C29D830FD11EEF66534B0B728,00000001333,Заморозка абонемента,заморозка абонемента,0,0,0,,,,0,0,other_sale,not observed as subscription product,1
AC30A4BF01266AD411EC40906F8E09EC,00000000415,Заморозка абонемента ,заморозка абонемента,0,0,0,,,,0,0,other_sale,not observed as subscription product,1
AF09000C29D830FD11EF0BA34D0F0C25,00000001377,Заморозка абонемента 1 месяц,заморозка абонемента 1 месяц,0,0,0,,,,0,0,other_sale,not observed as subscription product,1
AD25A4BF01266AD411EDAB7A95107425,00000000925,Заморозка абонемента 10 дней,заморозка абонемента 10 дней,0,0,0,,,,0,0,other_sale,not observed as subscription product,1
AA9BA4BF01266AD311E8AABCC0ED0D91,00000000053,Заморозка абонемента 12 месяцев,заморозка абонемента 12 месяцев,0,0,0,,,,0,0,other_sale,not observed as subscription product,1
AF05000C29D830FD11EF0876E1FAF586,00000001375,Заморозка абонемента 14 дней,заморозка абонемента 14 дней,0,0,0,,,,0,0,other_sale,not observed as subscription product,1
AD18A4BF01266AD411EDA16336698EFF,00000000920,Заморозка абонемента 15 дней,заморозка абонемента 15 дней,0,0,0,,,,0,0,other_sale,not observed as subscription product,1
AD0CA4BF01266AD411ED97F5CEB6AD30,00000000913,Заморозка абонемента 2 месяца,заморозка абонемента 2 месяца,0,0,0,,,,0,0,other_sale,not observed as subscription product,1
AF09000C29D830FD11EF0BA35C6F4680,00000001378,Заморозка абонемента 2 месяца,заморозка абонемента 2 месяца,0,0,0,,,,0,0,other_sale,not observed as subscription product,1
AF07000C29D830FD11EF09ED87114051,00000001376,Заморозка абонемента 3 месяца,заморозка абонемента 3 месяца,0,0,0,,,,0,0,other_sale,not observed as subscription product,1
AA9BA4BF01266AD311E8AABCC0ED0D8E,00000000050,Заморозка абонемента 30 дней,заморозка абонемента 30 дней,0,0,0,,,,0,0,other_sale,not observed as subscription product,1
AA9BA4BF01266AD311E8AABCC0ED0D90,00000000052,Заморозка абонемента 6 месяцев,заморозка абонемента 6 месяцев,0,0,0,,,,0,0,other_sale,not observed as subscription product,1
AA9BA4BF01266AD311E8AABCC0ED0D8F,00000000051,Заморозка абонемента 90 дней,заморозка абонемента 90 дней,0,0,0,,,,0,0,other_sale,not observed as subscription product,1
AC6DA4BF01266AD411ECC5FBA19788E4,00000000764,,,0,0,0,,,,0,0,other_sale,not observed as subscription product,0
B162000C29D830FD11F0CC41F0361439,00000001687,  смесь для приготовления кислородных коктелей ,смесь для приготовления кислородных коктелей,0,0,0,,,,0,0,other_sale,not observed as subscription product,0
AC3AA4BF01266AD411EC50396A92B368,00000000614, EUPHORIA (ЯБЛОКО) EPIC LABS,euphoria (яблоко) epic labs,0,0,0,,,,0,0,other_sale,not observed as subscription product,0
B1C6000C29D830FD11F118B2A80634BF,00000001720, Mad Fit Батончик Персик манго,mad fit батончик персик манго,0,0,0,,,,0,0,other_sale,not observed as subscription product,0
AC3AA4BF01266AD411EC5038F4CB38AD,00000000613, PRE-WORKOUT ( ФРУКТ.ПУШН) gold standart optimum nutrition,pre-workout ( фрукт.пушн) gold standart optimum nutrition,0,0,0,,,,0,0,other_sale,not observed as subscription product,0
AC3AA4BF01266AD411EC5039AB94156F,00000000615, THE PUNISHER PREWORKOUT ANNIHILATOR,the punisher preworkout annihilator,0,0,0,,,,0,0,other_sale,not observed as subscription product,0
AAD4A4BF01266AD311EA5D4596E00097,00000000287, Крем Fresh,крем fresh,0,0,0,,,,0,0,other_sale,not observed as subscription product,0
ADEC000C29D830FD11EE351C14CBFBDF,00000001166, Сывороточный изолят Scitec Nutrition (Ваниль),сывороточный изолят scitec nutrition (ваниль),0,0,0,,,,0,0,other_sale,not observed as subscription product,0
AC36A4BF01266AD411EC4932AAC5D9A4,00000000416,_БАР,_бар,0,0,0,,,,0,0,other_sale,not observed as subscription product,0
AC4EA4BF01266AD411EC7DCC1B4EF45B,00000000689,0.3  ГЛИНТВЕЙН,0.3  глинтвейн,0,0,0,,,,0,0,other_sale,not observed as subscription product,0
AC4EA4BF01266AD411EC7DCC89AF6592,00000000693,0.3 ДОМАШНИЙ ЧАЙ,0.3 домашний чай,0,0,0,,,,0,0,other_sale,not observed as subscription product,0
AC4EA4BF01266AD411EC7DCC34DBA95A,00000000691,0.3 СОГРЕВАЮЩИЙ ЧАЙ,0.3 согревающий чай,0,0,0,,,,0,0,other_sale,not observed as subscription product,0
AC4EA4BF01266AD411EC7DCC25143A79,00000000690,0.6  ГЛИНТВЕЙН,0.6  глинтвейн,0,0,0,,,,0,0,other_sale,not observed as subscription product,0
AC4EA4BF01266AD411EC7DCC903BA67D,00000000694,0.6 ДОМАШНИЙ ЧАЙ,0.6 домашний чай,0,0,0,,,,0,0,other_sale,not observed as subscription product,0
AC4EA4BF01266AD411EC7DCC3B3D0010,00000000692,0.6 СОГРЕВАЮЩИЙ ЧАЙ,0.6 согревающий чай,0,0,0,,,,0,0,other_sale,not observed as subscription product,0
B1EE000C29D830FD11F137E7212FB7AE,00000001736,100 ISOLATE  КЛУБНИКА КРЕМ,100 isolate  клубника крем,0,0,0,,,,0,0,other_sale,not observed as subscription product,0
B1EE000C29D830FD11F137EC2BDFE658,00000001737,100 whey isolate малина,100 whey isolate малина,0,0,0,,,,0,0,other_sale,not observed as subscription product,0
B1ED000C29D830FD11F13731D34385EC,00000001735,100 WHEY PROTEIN Фисташка,100 whey protein фисташка,0,0,0,,,,0,0,other_sale,not observed as subscription product,0
AF34000C29D830FD11EF2D52FF7D0015,00000001394,12 месяцев,12 месяцев,0,0,0,,,,0,0,other_sale,not observed as subscription product,0
AD67A4BF01266AD411EDE04E2010ABF8,00000001092,12 месяцев в подарок,12 месяцев в подарок,0,0,0,,,,0,0,other_sale,not observed as subscription product,0
AAA5A4BF01266AD311E91A3D4FBC50D2,00000000116,2 месяца в подарок,2 месяца в подарок,0,0,0,,,,0,0,other_sale,not observed as subscription product,0
ACDAA4BF01266AD411ED709264325B1D,00000000883,2023 часа в подарок,2023 часа в подарок,0,0,0,,,,0,0,other_sale,not observed as subscription product,0
AC5FA4BF01266AD411ECA52ABA1A858E,00000000749,2SN RECKFUL (АПЕЛЬСИН),2sn reckful (апельсин),0,0,0,,,,0,0,other_sale,not observed as subscription product,0
AC5FA4BF01266AD411ECA52AA4000831,00000000748,2SN RECKFUL (ЯБЛОКО),2sn reckful (яблоко),0,0,0,,,,0,0,other_sale,not observed as subscription product,0
AAA5A4BF01266AD311E91A3D4FBC50D3,00000000117,3 месяца в подарок,3 месяца в подарок,0,0,0,,,,0,0,other_sale,not observed as subscription product,0
AE1F000C29D830FD11EE5C5FA2F5315B,00000001206,3 посещения в подарок,3 посещения в подарок,0,0,0,,,,0,0,other_sale,not observed as subscription product,0
AE1F000C29D830FD11EE5C60071C91F4,00000001207,4 посещения в подарок,4 посещения в подарок,0,0,0,,,,0,0,other_sale,not observed as subscription product,0
AC8AA4BF01266AD411ED0998F91714CC,00000000798,6 месяцев в подарок,6 месяцев в подарок,0,0,0,,,,0,0,other_sale,not observed as subscription product,0
AC8CA4BF01266AD411ED0F105BEDAF74,00000000800,6PAK NUTRITION BESTIA (ТРОПИК),6pak nutrition bestia (тропик),0,0,0,,,,0,0,other_sale,not observed as subscription product,0
AA9EA4BF01266AD311E8C6D3BB76390C,00000000071,90 - 60 - 90,90 - 60 - 90,0,0,0,,,,0,0,other_sale,not observed as subscription product,0
AD2CA4BF01266AD411EDB68BB78CE20D,00000000950,A NANO BCAA nano(ГРУША),a nano bcaa nano(груша),0,0,0,,,,0,0,other_sale,not observed as subscription product,0
AB72A4BF01266AD411EBB25B41DE6536,00000000379,Aerobic dance,aerobic dance,0,0,0,,,,0,0,other_sale,not observed as subscription product,0
AC5FA4BF01266AD411ECA52A335CC99F,00000000746,AMINO VULF ENERGIZAD,amino vulf energizad,0,0,0,,,,0,0,other_sale,not observed as subscription product,0
AC56A4BF01266AD411EC8F28E308D2A6,00000000714,AMINO-X (ВИНОГРАД) BSN,amino-x (виноград) bsn,0,0,0,,,,0,0,other_sale,not observed as subscription product,0
AD40A4BF01266AD411EDC964A3B4B194,00000000975,AMINO-X (ЕЖЕВИКА) BSN,amino-x (ежевика) bsn,0,0,0,,,,0,0,other_sale,not observed as subscription product,0
AD40A4BF01266AD411EDC96454D4E036,00000000974,AMINO-X (ФРУКТОВЫЙ ПУНШ) BSN,amino-x (фруктовый пунш) bsn,0,0,0,,,,0,0,other_sale,not observed as subscription product,0
B12E000C29D830FD11F0A43174337D69,00000001673,ARGININ Just Fit AAKG (апельсин),arginin just fit aakg (апельсин),0,0,0,,,,0,0,other_sale,not observed as subscription product,0
AEC8000C29D830FD11EEDA132BC5D098,00000001322,BCA ultimate nutrition (розовый лимонад),bca ultimate nutrition (розовый лимонад),0,0,0,,,,0,0,other_sale,not observed as subscription product,0
AF18000C29D830FD11EF17572A314EDB,00000001388,BCA USN amino-qro Фруктовый пунш,bca usn amino-qro фруктовый пунш,0,0,0,,,,0,0,other_sale,not observed as subscription product,0
AC3AA4BF01266AD411EC502CB7820F89,00000000598,BCAA,bcaa,0,0,0,,,,0,0,other_sale,not observed as subscription product,0
B198000C29D830FD11F0F5375F21CE1B,00000001702,BCAA + GLUTAMINE бабл гам,bcaa + glutamine бабл гам,0,0,0,,,,0,0,other_sale,not observed as subscription product,0
AC5DA4BF01266AD411EC9F95DD6E8799,00000000727,BCAA 12.000 ULTIMATE NUTRITION (АРБУЗ),bcaa 12.000 ultimate nutrition (арбуз),0,0,0,,,,0,0,other_sale,not observed as subscription product,0
B044000C29D830FD11EFFA8892AF747B,00000001562,BCAA 12.000 ULTIMATE NUTRITION (ежевика),bcaa 12.000 ultimate nutrition (ежевика),0,0,0,,,,0,0,other_sale,not observed as subscription product,0
AC5DA4BF01266AD411EC9F95F93E99F1,00000000728,BCAA 12.000 ULTIMATE NUTRITION (ЛИМОН-ЛАЙМ),bcaa 12.000 ultimate nutrition (лимон-лайм),0,0,0,,,,0,0,other_sale,not observed as subscription product,0
AC5DA4BF01266AD411EC9F95AF61E029,00000000726,BCAA 12.000 ULTIMATE NUTRITION (ФРУКТ.ПУНШ),bcaa 12.000 ultimate nutrition (фрукт.пунш),0,0,0,,,,0,0,other_sale,not observed as subscription product,0
AD29A4BF01266AD411EDAEC71D3CF360,00000000944,BCAA Bombbar 2:1:1 Малина (в банке),bcaa bombbar 2:1:1 малина (в банке),0,0,0,,,,0,0,other_sale,not observed as subscription product,0
AE4B000C29D830FD11EE7D3C5B03523F,00000001228,BCAA Bombbar 2:1:1 Малина порц.,bcaa bombbar 2:1:1 малина порц.,0,0,0,,,,0,0,other_sale,not observed as subscription product,0
AD66A4BF01266AD411EDDF515D467CC8,00000001065,BCAA Bombbar 2:1:1 Тропический микс ( в банке) ,bcaa bombbar 2:1:1 тропический микс ( в банке),0,0,0,,,,0,0,other_sale,not observed as subscription product,0
AE4B000C29D830FD11EE7D3C50F55002,00000001227,BCAA Bombbar 2:1:1 Тропический микс порц.,bcaa bombbar 2:1:1 тропический микс порц.,0,0,0,,,,0,0,other_sale,not observed as subscription product,0
AD44A4BF01266AD411EDCCA597957301,00000000984,BCAA Bombbar 2:1:1 Цитрусовый микс ( в банке) ,bcaa bombbar 2:1:1 цитрусовый микс ( в банке),0,0,0,,,,0,0,other_sale,not observed as subscription product,0
AE4B000C29D830FD11EE7D3C43446429,00000001226,BCAA Bombbar 2:1:1 Цитрусовый микс порц. ,bcaa bombbar 2:1:1 цитрусовый микс порц.,0,0,0,,,,0,0,other_sale,not observed as subscription product,0
ADBB000C29D830FD11EE0F666F571C8C,00000001125,BCAA Maxler (апельсин),bcaa maxler (апельсин),0,0,0,,,,0,0,other_sale,not observed as subscription product,0
AC3AA4BF01266AD411EC50356B9DCFBA,00000000606,BCAA NUTRIVERSUM (ВИШНЯ-ЛАЙМ),bcaa nutriversum (вишня-лайм),0,0,0,,,,0,0,other_sale,not observed as subscription product,0
AC3AA4BF01266AD411EC503612932BAB,00000000607,BCAA NUTRIVERSUM (ГРУША),bcaa nutriversum (груша),0,0,0,,,,0,0,other_sale,not observed as subscription product,0
ACD9A4BF01266AD411ED6BF639F95041,00000000873,BCAA NUTRIVERSUM (ЛИМОН),bcaa nutriversum (лимон),0,0,0,,,,0,0,other_sale,not observed as subscription product,0
AC3AA4BF01266AD411EC5034F4EA0FC6,00000000604,BCAA NUTRIVERSUM (МАНГО),bcaa nutriversum (манго),0,0,0,,,,0,0,other_sale,not observed as subscription product,0
AC3AA4BF01266AD411EC5034CBD6983A,00000000603,BCAA NUTRIVERSUM (МОХИТО),bcaa nutriversum (мохито),0,0,0,,,,0,0,other_sale,not observed as subscription product,0
AC3AA4BF01266AD411EC503507AEED14,00000000605,BCAA NUTRIVERSUM (ЭКЗОТ.ФРУКТЫ),bcaa nutriversum (экзот.фрукты),0,0,0,,,,0,0,other_sale,not observed as subscription product,0
AFDE000C29D830FD11EFAB330F4391B7,00000001491,BCAA Ultimate Nutrition апельсин,bcaa ultimate nutrition апельсин,0,0,0,,,,0,0,other_sale,not observed as subscription product,0
AEED000C29D830FD11EEF5987DB8E1CA,00000001332,BCAA Ultimate nutrition Вишня,bcaa ultimate nutrition вишня,0,0,0,,,,0,0,other_sale,not observed as subscription product,0
AC3AA4BF01266AD411EC502D33C50CB7,00000000600,BCAA XPRESS scitec nutrition (ГРУША),bcaa xpress scitec nutrition (груша),0,0,0,,,,0,0,other_sale,not observed as subscription product,0
AC3AA4BF01266AD411EC502CF4712E2C,00000000599,BCAA XPRESS scitec nutrition (ДЫНЯ),bcaa xpress scitec nutrition (дыня),0,0,0,,,,0,0,other_sale,not observed as subscription product,0
AC3AA4BF01266AD411EC502D710C4CB5,00000000601,BCAA XTEND (ТРОПИК),bcaa xtend (тропик),0,0,0,,,,0,0,other_sale,not observed as subscription product,0
AC3CA4BF01266AD411EC535325F745E7,00000000643,BCAA XTEND (ФРУКТОВЫЙ ПУНШ),bcaa xtend (фруктовый пунш),0,0,0,,,,0,0,other_sale,not observed as subscription product,0
AC3AA4BF01266AD411EC502D99AD75EC,00000000602,BCAA XTEND (ЯБЛОКО),bcaa xtend (яблоко),0,0,0,,,,0,0,other_sale,not observed as subscription product,0
B198000C29D830FD11F0F53CBFEA01AD,00000001703,BCAA+ GLUTAMINE мохито,bcaa+ glutamine мохито,0,0,0,,,,0,0,other_sale,not observed as subscription product,0
AE0F000C29D830FD11EE4FE00F2C0A37,00000001183,BCAA+ USN Power Punch(арбуз),bcaa+ usn power punch(арбуз),0,0,0,,,,0,0,other_sale,not observed as subscription product,0
AE18000C29D830FD11EE56D9AF026572,00000001199,BioTech Whey Zero (Кокос),biotech whey zero (кокос),0,0,0,,,,0,0,other_sale,not observed as subscription product,0
AE6D000C29D830FD11EE9819E3D73004,00000001253,BIOTIN Bombbar,biotin bombbar,0,0,0,,,,0,0,other_sale,not observed as subscription product,0
AACBA4BF01266AD311EA06124FD10BE4,00000000239,Body art,body art,0,0,0,,,,0,0,other_sale,not observed as subscription product,0
ACBDA4BF01266AD411ED51149E2AE165,00000000850,Body ballet,body ballet,0,0,0,,,,0,0,other_sale,not observed as subscription product,0
AB72A4BF01266AD411EBB25B58619344,00000000381,Body combat,body combat,0,0,0,,,,0,0,other_sale,not observed as subscription product,0
B150000C29D830FD11F0BE06A27D77E6,00000001680,Body Pump,body pump,0,0,0,,,,0,0,other_sale,not observed as subscription product,0
ACE8A4BF01266AD411ED7B90E4BEC898,00000000901,"BOMBBAR ""L Карнитин 3500"" Ананас","bombbar ""l карнитин 3500"" ананас",0,0,0,,,,0,0,other_sale,not observed as subscription product,0
ACE8A4BF01266AD411ED7B9088DC08EB,00000000899,"BOMBBAR ""L Карнитин с Гуараной"" Апельсин ","bombbar ""l карнитин с гуараной"" апельсин",0,0,0,,,,0,0,other_sale,not observed as subscription product,0
ACE8A4BF01266AD411ED7B90AEAE6295,00000000900,"BOMBBAR ""L Карнитин с Гуараной"" Грейпфрукт","bombbar ""l карнитин с гуараной"" грейпфрукт",0,0,0,,,,0,0,other_sale,not observed as subscription product,0
B1C6000C29D830FD11F118B326B2A5F8,00000001722,BOMBBAR Печенье с какао со вкусом Сливочного крема,bombbar печенье с какао со вкусом сливочного крема,0,0,0,,,,0,0,other_sale,not observed as subscription product,0
B1C6000C29D830FD11F118B63D43AB07,00000001727,BOMBBAR Печенье сливочное,bombbar печенье сливочное,0,0,0,,,,0,0,other_sale,not observed as subscription product,0
AD2CA4BF01266AD411EDB10F2600F982,00000000949,BOOGIEMAN Trec Nutrition (бабл гам),boogieman trec nutrition (бабл гам),0,0,0,,,,0,0,other_sale,not observed as subscription product,0
AFFB000C29D830FD11EFC1FE60B99F8E,00000001532,BOUNTY HI-PROTEIN POWDER,bounty hi-protein powder,0,0,0,,,,0,0,other_sale,not observed as subscription product,0
AC8FA4BF01266AD411ED171211091117,00000000804,BSN NO-XPLODE  (ГОЛУБИКА И МАЛИНА) 30 порц,bsn no-xplode  (голубика и малина) 30 порц,0,0,0,,,,0,0,other_sale,not observed as subscription product,0
AC68A4BF01266AD411ECB9A0C05B4844,00000000751,BSN NO-XPLODE  (ГОЛУБИКА И МАЛИНА) 60порц,bsn no-xplode  (голубика и малина) 60порц,0,0,0,,,,0,0,other_sale,not observed as subscription product,0
AC3AA4BF01266AD411EC503B289BEAA0,00000000620,BSN NO-XPLODE  (ЕЖЕВИКА) 30порц,bsn no-xplode  (ежевика) 30порц,0,0,0,,,,0,0,other_sale,not observed as subscription product,0
AC3AA4BF01266AD411EC503AD813FB90,00000000618,BSN NO-XPLODE (АРБУЗ) 30порц,bsn no-xplode (арбуз) 30порц,0,0,0,,,,0,0,other_sale,not observed as subscription product,0
AC68A4BF01266AD411ECBA5E7A92708F,00000000755,BSN NO-XPLODE (АРБУЗ) 60порц,bsn no-xplode (арбуз) 60порц,0,0,0,,,,0,0,other_sale,not observed as subscription product,0
AD89000C29D830FD11EDEF30E2DAB930,00000001098,BSN NO-XPLODE (Виноград),bsn no-xplode (виноград),0,0,0,,,,0,0,other_sale,not observed as subscription product,0
AC3AA4BF01266AD411EC503B3480D9CE,00000000621,BSN NO-XPLODE (ФРУКТ.ПУШН) 30 порц,bsn no-xplode (фрукт.пушн) 30 порц,0,0,0,,,,0,0,other_sale,not observed as subscription product,0
AC68A4BF01266AD411ECBA698C432FEB,00000000756,BSN NO-XPLODE (ФРУКТ.ПУШН) 60 порц,bsn no-xplode (фрукт.пушн) 60 порц,0,0,0,,,,0,0,other_sale,not observed as subscription product,0
AC3AA4BF01266AD411EC503B17FBA788,00000000619,BSN NO-XPLODE (ЯБЛОКО) 60порц,bsn no-xplode (яблоко) 60порц,0,0,0,,,,0,0,other_sale,not observed as subscription product,0
B001000C29D830FD11EFC6A72EA17EA9,00000001546,BSN XPLODE (ГОЛУБАЯ МАЛИНА),bsn xplode (голубая малина),0,0,0,,,,0,0,other_sale,not observed as subscription product,0
AC4CA4BF01266AD411EC7847CB38E595,00000000686,C-4 original cellucor (АРБУЗ) банка 390гр,c-4 original cellucor (арбуз) банка 390гр,0,0,0,,,,0,0,other_sale,not observed as subscription product,0
AC3AA4BF01266AD411EC503A1986716E,00000000617,C-4 original cellucor (КЛУБНИКА),c-4 original cellucor (клубника),0,0,0,,,,0,0,other_sale,not observed as subscription product,0
AC3AA4BF01266AD411EC5039FC0BAF25,00000000616,C-4 original cellucor (ЯБЛОКО),c-4 original cellucor (яблоко),0,0,0,,,,0,0,other_sale,not observed as subscription product,0
AC3AA4BF01266AD411EC502A6EDB8539,00000000597,CASEIN LEVEL UP (ВАНИЛЬ),casein level up (ваниль),0,0,0,,,,0,0,other_sale,not observed as subscription product,0
AC3AA4BF01266AD411EC503DD82BFFDF,00000000628,CITRULLINE GENETICLAB,citrulline geneticlab,0,0,0,,,,0,0,other_sale,not observed as subscription product,0
AEF8000C29D830FD11EEFE31AF140898,00000001340,Coldblood pump (Гранат),coldblood pump (гранат),0,0,0,,,,0,0,other_sale,not observed as subscription product,0
AE73000C29D830FD11EE9A6DF048108B,00000001262,Coldblood pump (тропический),coldblood pump (тропический),0,0,0,,,,0,0,other_sale,not observed as subscription product,0
ADBB000C29D830FD11EE0F606E411BB0,00000001123,ColdBlood Pump SIBERIAN NUTROGUNZ (Вишня),coldblood pump siberian nutrogunz (вишня),0,0,0,,,,0,0,other_sale,not observed as subscription product,0
AE6D000C29D830FD11EE981A6B30A51A,00000001256,"COLLAGEN ""Апельсиновый"" Bombbar 400 гр","collagen ""апельсиновый"" bombbar 400 гр",0,0,0,,,,0,0,other_sale,not observed as subscription product,0
AE6D000C29D830FD11EE981A4AD5F468,00000001255,"COLLAGEN ""Малиновый"" Bombbar 400 гр","collagen ""малиновый"" bombbar 400 гр",0,0,0,,,,0,0,other_sale,not observed as subscription product,0
AEBC000C29D830FD11EED0AAE3A98E6D,00000001306,"COLLAGEN ""Персик маракуйя"" Bombbar 400 гр","collagen ""персик маракуйя"" bombbar 400 гр",0,0,0,,,,0,0,other_sale,not observed as subscription product,0
AE6D000C29D830FD11EE981B1C8D05E0,00000001258,"COLLAGEN ""с гиалуроновой кислотой и витаминами со вкусом малины"" Bombbar 180 гр","collagen ""с гиалуроновой кислотой и витаминами со вкусом малины"" bombbar 180 гр",0,0,0,,,,0,0,other_sale,not observed as subscription product,0
AE6D000C29D830FD11EE981ADD199134,00000001257,"COLLAGEN ""с хондроитином, глюкозамином и МСМ со вкусом цитруса"" Bombbar 180 гр","collagen ""с хондроитином, глюкозамином и мсм со вкусом цитруса"" bombbar 180 гр",0,0,0,,,,0,0,other_sale,not observed as subscription product,0
ACE1A4BF01266AD411ED763348550A88,00000000891,CREATINE (maxler 100% Golden) MONOHYDRATE,creatine (maxler 100% golden) monohydrate,0,0,0,,,,0,0,other_sale,not observed as subscription product,0
AC5FA4BF01266AD411ECA529B7090DB2,00000000745,CREATINE (maxler) MONOHYDRATE,creatine (maxler) monohydrate,0,0,0,,,,0,0,other_sale,not observed as subscription product,0
AC49A4BF01266AD411EC72188C168054,00000000682,CREATINE (OLIMP) MONOHYDRATE,creatine (olimp) monohydrate,0,0,0,,,,0,0,other_sale,not observed as subscription product,0
AD41A4BF01266AD411EDCA3726E49CAC,00000000977,CREATINE FITNESS FORMULA,creatine fitness formula,0,0,0,,,,0,0,other_sale,not observed as subscription product,0
AC3AA4BF01266AD411EC503BA3C3329A,00000000623,CREATINE FITNESS FORMULA PREMIUM,creatine fitness formula premium,0,0,0,,,,0,0,other_sale,not observed as subscription product,0
B0C0000C29D830FD11F0536FC6D0DE41,00000001621,CREATINE monohydrate,creatine monohydrate,0,0,0,,,,0,0,other_sale,not observed as subscription product,0
AC8FA4BF01266AD411ED1EE07F2279A0,00000000809,CREATINE PURE (USN ) MONOHYDRATE,creatine pure (usn ) monohydrate,0,0,0,,,,0,0,other_sale,not observed as subscription product,0
AC3FA4BF01266AD411EC59AD867228FC,00000000657,E-ON BCAA 3000 Ж\Б,e-on bcaa 3000 ж\б,0,0,0,,,,0,0,other_sale,not observed as subscription product,0
AC3FA4BF01266AD411EC59AD633F5F3D,00000000656,E-ON BCAA 5000 Ж\Б,e-on bcaa 5000 ж\б,0,0,0,,,,0,0,other_sale,not observed as subscription product,0
AC5BA4BF01266AD411EC9AF78F0F13CF,00000000722,Fitnes shock (АРАХИС-ШОКОЛАД),fitnes shock (арахис-шоколад),0,0,0,,,,0,0,other_sale,not observed as subscription product,0
AEEF000C29D830FD11EEF70F95129E38,00000001336,Fitness formula BCAA 2:1:1 экзотик,fitness formula bcaa 2:1:1 экзотик,0,0,0,,,,0,0,other_sale,not observed as subscription product,0
B1A9000C29D830FD11F1027D13C5ED7F,00000001709,Fitness formula Creatine,fitness formula creatine,0,0,0,,,,0,0,other_sale,not observed as subscription product,0
B1CE000C29D830FD11F11ECA42F10D26,00000001730,Fitness formula Creatine 500,fitness formula creatine 500,0,0,0,,,,0,0,other_sale,not observed as subscription product,0
AC56A4BF01266AD411EC8F2C22870381,00000000716,FULL AS FACK 5% nutrition,full as fack 5% nutrition,0,0,0,,,,0,0,other_sale,not observed as subscription product,0
AD21A4BF01266AD411EDA87845991551,00000000922,GAINER MUTANT MASS ,gainer mutant mass,0,0,0,,,,0,0,other_sale,not observed as subscription product,0
B20A000C29D830FD11F14A0799F0FEB5,00000001739,GALVANIZE MAX WHEY ФИСТАШКА,galvanize max whey фисташка,0,0,0,,,,0,0,other_sale,not observed as subscription product,0
ACACA4BF01266AD411ED43E37BFAB083,00000000846,GENIUS NUTRITION(ФРУКТОВЫЙ МИКС),genius nutrition(фруктовый микс),0,0,0,,,,0,0,other_sale,not observed as subscription product,0
AC3AA4BF01266AD411EC503D4C3BCCEF,00000000624,GLUTAMINE GENETICLAB ,glutamine geneticlab,0,0,0,,,,0,0,other_sale,not observed as subscription product,0
AC3AA4BF01266AD411EC5037726221AE,00000000612,HEAD SHOT PRE-WORKOUT WTFLABZ,head shot pre-workout wtflabz,0,0,0,,,,0,0,other_sale,not observed as subscription product,0
AAB3A4BF01266AD311E98690BA3D9479,00000000176,HIITINTERVAL,hiitinterval,0,0,0,,,,0,0,other_sale,not observed as subscription product,0
AE6D000C29D830FD11EE981A109C1947,00000001254,HYALURONIC ACID Bombbar,hyaluronic acid bombbar,0,0,0,,,,0,0,other_sale,not observed as subscription product,0
AACBA4BF01266AD311EA061921D1A841,00000000254,Interval,interval,0,0,0,,,,0,0,other_sale,not observed as subscription product,0
B1A9000C29D830FD11F1027E1968B601,00000001712,Just Fit L carnitine,just fit l carnitine,0,0,0,,,,0,0,other_sale,not observed as subscription product,0
B1A9000C29D830FD11F1027DE090E398,00000001711,Just Fit L Glutamine,just fit l glutamine,0,0,0,,,,0,0,other_sale,not observed as subscription product,0
B025000C29D830FD11EFE2E1A3DC8AF6,00000001551,Just fit PROTEIN шоколад,just fit protein шоколад,0,0,0,,,,0,0,other_sale,not observed as subscription product,0
AACBA4BF01266AD311EA0612A870FAB0,00000000244,Kallanetic,kallanetic,0,0,0,,,,0,0,other_sale,not observed as subscription product,0
B1C5000C29D830FD11F11793CC94D2E5,00000001716,Kartoska Вкус Шоколад Ё/батон,kartoska вкус шоколад ё/батон,0,0,0,,,,0,0,other_sale,not observed as subscription product,0
AE69000C29D830FD11EE94E0090BBC67,00000001249,Kevin Levrone Shaaboom pump (цитрусово-персиковый),kevin levrone shaaboom pump (цитрусово-персиковый),0,0,0,,,,0,0,other_sale,not observed as subscription product,0
B1A9000C29D830FD11F10273B41377A3,00000001708,L carnitine 3500 ампула мохито,l carnitine 3500 ампула мохито,0,0,0,,,,0,0,other_sale,not observed as subscription product,0
B204000C29D830FD11F14560ACEDB72F,00000001738,L carnitine RECKFUL мохито,l carnitine reckful мохито,0,0,0,,,,0,0,other_sale,not observed as subscription product,0
AD41A4BF01266AD411EDCA370C3B0372,00000000976,L-ARGININ JUST FIT,l-arginin just fit,0,0,0,,,,0,0,other_sale,not observed as subscription product,0
AC3AA4BF01266AD411EC503E88DAB1F3,00000000629,L-ARGININE FITNESS FORMULA,l-arginine fitness formula,0,0,0,,,,0,0,other_sale,not observed as subscription product,0
AD89000C29D830FD11EDEF33CD47E0FD,00000001102,L-CARNITIN 3300 mg (Вишня) ALL 4ME NUTRITION,l-carnitin 3300 mg (вишня) all 4me nutrition,0,0,0,,,,0,0,other_sale,not observed as subscription product,0
AD89000C29D830FD11EDEF32D095C779,00000001101,L-CARNITIN 3300 mg (Клубника) ALL4ME NUTRITION,l-carnitin 3300 mg (клубника) all4me nutrition,0,0,0,,,,0,0,other_sale,not observed as subscription product,0
B0EF000C29D830FD11F076800892F7F4,00000001649,L-carnitin Jast Fit (апельсин),l-carnitin jast fit (апельсин),0,0,0,,,,0,0,other_sale,not observed as subscription product,0
AC3AA4BF01266AD411EC503D81390492,00000000625,L-CARNITINE  (АПЕЛЬСИН) GENETICLAB,l-carnitine  (апельсин) geneticlab,0,0,0,,,,0,0,other_sale,not observed as subscription product,0
AC5FA4BF01266AD411ECA52A59C6579D,00000000747,L-CARNITINE  (ДЮШЕС) CYBERMASS,l-carnitine  (дюшес) cybermass,0,0,0,,,,0,0,other_sale,not observed as subscription product,0
AC3AA4BF01266AD411EC503D9D5A2E33,00000000626,L-CARNITINE  (ЛИМОН-ЛАЙМ) CYBERMASS,l-carnitine  (лимон-лайм) cybermass,0,0,0,,,,0,0,other_sale,not observed as subscription product,0
B0B5000C29D830FD11F04AA9EF15E1ED,00000001617,l-carnitine (клубника),l-carnitine (клубника),0,0,0,,,,0,0,other_sale,not observed as subscription product,0
AC3AA4BF01266AD411EC503DB77A8EA4,00000000627,L-CARNITINE 3000  (ВИШНЯ) MAXLER,l-carnitine 3000  (вишня) maxler,0,0,0,,,,0,0,other_sale,not observed as subscription product,0
AFD7000C29D830FD11EFA59AA9B78374,00000001486,L-carnitine 3000 ампула ананас,l-carnitine 3000 ампула ананас,0,0,0,,,,0,0,other_sale,not observed as subscription product,0
AFD7000C29D830FD11EFA5989854B0C3,00000001485,L-carnitine 3000 ампула тропик,l-carnitine 3000 ампула тропик,0,0,0,,,,0,0,other_sale,not observed as subscription product,0
AC5FA4BF01266AD411ECA5297ADFFB91,00000000744,L-CARNITINE 3300 befirst (цитр.микс) в ампуле,l-carnitine 3300 befirst (цитр.микс) в ампуле,0,0,0,,,,0,0,other_sale,not observed as subscription product,0
AC6BA4BF01266AD411ECC14A10AF9471,00000000759,L-CARNITINE 3300 liguid со вкусом Ананас (ампулы) ,l-carnitine 3300 liguid со вкусом ананас (ампулы),0,0,0,,,,0,0,other_sale,not observed as subscription product,0
AC76A4BF01266AD411ECDA99B35E18C0,00000000777,L-CARNITINE 3300 ампула (вишня) befirst,l-carnitine 3300 ампула (вишня) befirst,0,0,0,,,,0,0,other_sale,not observed as subscription product,0
AC68A4BF01266AD411ECB9A144ACDA30,00000000752,L-CARNITINE 3300 ампула (лесные ягоды) befirst,l-carnitine 3300 ампула (лесные ягоды) befirst,0,0,0,,,,0,0,other_sale,not observed as subscription product,0
AE58000C29D830FD11EE8791B16E96F8,00000001240,l-carnitine 3300 Малина (ампулы),l-carnitine 3300 малина (ампулы),0,0,0,,,,0,0,other_sale,not observed as subscription product,0
B175000C29D830FD11F0DA81C87FEF0D,00000001695,l-carnitine 3500 Strawberry,l-carnitine 3500 strawberry,0,0,0,,,,0,0,other_sale,not observed as subscription product,0
B0EF000C29D830FD11F0768176973A44,00000001651,L-carnitine 3500 ампула манго,l-carnitine 3500 ампула манго,0,0,0,,,,0,0,other_sale,not observed as subscription product,0
AFD7000C29D830FD11EFA59AD78DD134,00000001487,L-carnitine 3500 ампула персик,l-carnitine 3500 ампула персик,0,0,0,,,,0,0,other_sale,not observed as subscription product,0
ADBA000C29D830FD11EE0E8D9EF34B1D,00000001121,L-carnitine fitness formula (мята-лайм),l-carnitine fitness formula (мята-лайм),0,0,0,,,,0,0,other_sale,not observed as subscription product,0
AE0C000C29D830FD11EE4D745AFA007D,00000001178,l-carnitine liquid 3300 апельсин,l-carnitine liquid 3300 апельсин,0,0,0,,,,0,0,other_sale,not observed as subscription product,0
AEED000C29D830FD11EEF5980C7BCE3F,00000001331,L-carnitine ампулы 3300 Цитрус,l-carnitine ампулы 3300 цитрус,0,0,0,,,,0,0,other_sale,not observed as subscription product,0
AC72A4BF01266AD411ECD1F9B95AEAE6,00000000774,L-CITRULLINE FITNESS FORMULA,l-citrulline fitness formula,0,0,0,,,,0,0,other_sale,not observed as subscription product,0
AC3AA4BF01266AD411EC5036A4CF012D,00000000610,LEVRO PUMP (КИВИ) kevin levrone,levro pump (киви) kevin levrone,0,0,0,,,,0,0,other_sale,not observed as subscription product,0
AC94A4BF01266AD411ED319A8058B911,00000000832,LEVRO PUMP (клубника-ананас) kevin levrone,levro pump (клубника-ананас) kevin levrone,0,0,0,,,,0,0,other_sale,not observed as subscription product,0
AC42A4BF01266AD411EC61736113E251,00000000658,LEVRO PUMP (черная смородина) kevin levrone,levro pump (черная смородина) kevin levrone,0,0,0,,,,0,0,other_sale,not observed as subscription product,0
AEF4000C29D830FD11EEFB1729FE94F5,00000001337,L-GLUTAMINE FITNESS FORMULA,l-glutamine fitness formula,0,0,0,,,,0,0,other_sale,not observed as subscription product,0
B1C6000C29D830FD11F118B2D8116C59,00000001721,Mad Fit Батончик Малина,mad fit батончик малина,0,0,0,,,,0,0,other_sale,not observed as subscription product,0
B1C6000C29D830FD11F118B415B31121,00000001725,Mad Fit Брауни Малина фисташка,mad fit брауни малина фисташка,0,0,0,,,,0,0,other_sale,not observed as subscription product,0
B1C6000C29D830FD11F118B3C95DB6C8,00000001724,Mad Fit Брауни Черника голубика,mad fit брауни черника голубика,0,0,0,,,,0,0,other_sale,not observed as subscription product,0
AC56A4BF01266AD411EC8F2BF001D4B3,00000000715,MADNESS MUTANT (фрукт.пушн),madness mutant (фрукт.пушн),0,0,0,,,,0,0,other_sale,not observed as subscription product,0
AE6D000C29D830FD11EE9819B94051E5,00000001252,MARINE COLLAGEN Bombbar,marine collagen bombbar,0,0,0,,,,0,0,other_sale,not observed as subscription product,0
B0AA000C29D830FD11F041F9E3C50D0C,00000001616,Mars HI-Protein,mars hi-protein,0,0,0,,,,0,0,other_sale,not observed as subscription product,0
ACD9A4BF01266AD411ED6F1007551AE1,00000000875,Maryland Muscle Machine(Фруктовый массаж) kevin levrone,maryland muscle machine(фруктовый массаж) kevin levrone,0,0,0,,,,0,0,other_sale,not observed as subscription product,0
AE9B000C29D830FD11EEB91F3AD2EA0D,00000001287,Matrix (апельсиновый крем),matrix (апельсиновый крем),0,0,0,,,,0,0,other_sale,not observed as subscription product,0
AE5A000C29D830FD11EE89268183D119,00000001242,MATRIX (КЛУБНИКА СО СЛИВКАМИ),matrix (клубника со сливками),0,0,0,,,,0,0,other_sale,not observed as subscription product,0
AC59A4BF01266AD411EC97B76C0E3592,00000000718,MAX EPHEDRA (МАЛИНА) epic labs,max ephedra (малина) epic labs,0,0,0,,,,0,0,other_sale,not observed as subscription product,0
B028000C29D830FD11EFE51BE63CFDEB,00000001552,mutant madness,mutant madness,0,0,0,,,,0,0,other_sale,not observed as subscription product,0
AE79000C29D830FD11EE9E5B5192A17C,00000001264,MUTANT MASS  гейнер (клубника-банан),mutant mass  гейнер (клубника-банан),0,0,0,,,,0,0,other_sale,not observed as subscription product,0
B146000C29D830FD11F0B64C09DEAC49,00000001675,MUTANT MASS  гейнер (печенье с кремом),mutant mass  гейнер (печенье с кремом),0,0,0,,,,0,0,other_sale,not observed as subscription product,0
ADBB000C29D830FD11EE0F6A880EA937,00000001126,MUTANT MASS EXTREME 2500 Гейнер (Тр. Шоколад),mutant mass extreme 2500 гейнер (тр. шоколад),0,0,0,,,,0,0,other_sale,not observed as subscription product,0
AFDF000C29D830FD11EFABE0992A7065,00000001492,Mutant Mass гейнер шоколадный брауни,mutant mass гейнер шоколадный брауни,0,0,0,,,,0,0,other_sale,not observed as subscription product,0
AD9E000C29D830FD11EDFE1E4347252E,00000001115,Mutant Whey Протеин (Печенье-крем),mutant whey протеин (печенье-крем),0,0,0,,,,0,0,other_sale,not observed as subscription product,0
AEC5000C29D830FD11EED7BB0BA83FBA,00000001318,Mutant гейнер (Ванильное мороженое),mutant гейнер (ванильное мороженое),0,0,0,,,,0,0,other_sale,not observed as subscription product,0
AEA6000C29D830FD11EEC1B01B6D50B2,00000001291,Mutant предтрен (Сладкий ледяной чай),mutant предтрен (сладкий ледяной чай),0,0,0,,,,0,0,other_sale,not observed as subscription product,0
AE7F000C29D830FD11EEA31E2693CABE,00000001272,nutriversum (солёная карамель),nutriversum (солёная карамель),0,0,0,,,,0,0,other_sale,not observed as subscription product,0
ADED000C29D830FD11EE35EC50FED391,00000001170,Nutriversum Ltd BCAA (Грейпфрут),nutriversum ltd bcaa (грейпфрут),0,0,0,,,,0,0,other_sale,not observed as subscription product,0
AE0A000C29D830FD11EE4C04C31A34EE,00000001176,Nutriversum Ltd BCAA 2:1:1 ('экзотик),nutriversum ltd bcaa 2:1:1 ('экзотик),0,0,0,,,,0,0,other_sale,not observed as subscription product,0
ACACA4BF01266AD411ED43C87FA99D03,00000000842,NUTRIVERSUM Ltd BCAA 2:1:1(ВИШНЯ-КОЛА),nutriversum ltd bcaa 2:1:1(вишня-кола),0,0,0,,,,0,0,other_sale,not observed as subscription product,0
ACACA4BF01266AD411ED43C89D5414A3,00000000843,NUTRIVERSUM Ltd BCAA 2:1:1(ВИШНЯ-ЛАЙМ),nutriversum ltd bcaa 2:1:1(вишня-лайм),0,0,0,,,,0,0,other_sale,not observed as subscription product,0
ACACA4BF01266AD411ED43C850D00ECA,00000000841,NUTRIVERSUM Ltd BCAA 2:1:1(ГРУША),nutriversum ltd bcaa 2:1:1(груша),0,0,0,,,,0,0,other_sale,not observed as subscription product,0
ACACA4BF01266AD411ED43C8C097A97C,00000000844,NUTRIVERSUM Ltd BCAA 2:1:1(МАНГО),nutriversum ltd bcaa 2:1:1(манго),0,0,0,,,,0,0,other_sale,not observed as subscription product,0
AE80000C29D830FD11EEA3BA893951F1,00000001273,Nutriversum wheу pro (Карамель),nutriversum wheу pro (карамель),0,0,0,,,,0,0,other_sale,not observed as subscription product,0
ADD7000C29D830FD11EE25475EA4E2DF,00000001145,Olimp BCAA Xplode 20:1:1 (Груша),olimp bcaa xplode 20:1:1 (груша),0,0,0,,,,0,0,other_sale,not observed as subscription product,0
ADBA000C29D830FD11EE0E914C73D91D,00000001122,Olimp BCAA Xplode 20:1:1 (кола),olimp bcaa xplode 20:1:1 (кола),0,0,0,,,,0,0,other_sale,not observed as subscription product,0
AE18000C29D830FD11EE56DACAC5C067,00000001200,Primekraft wheу protein (сливочный пломбир),primekraft wheу protein (сливочный пломбир),0,0,0,,,,0,0,other_sale,not observed as subscription product,0
B1BD000C29D830FD11F1117ABFBB5679,00000001715,protein whey professional шоколад орех,protein whey professional шоколад орех,0,0,0,,,,0,0,other_sale,not observed as subscription product,0
AEC1000C29D830FD11EED49564019261,00000001315,psychotic (вишня),psychotic (вишня),0,0,0,,,,0,0,other_sale,not observed as subscription product,0
AEC1000C29D830FD11EED495FA69E27F,00000001316,psychotic (голубая малина),psychotic (голубая малина),0,0,0,,,,0,0,other_sale,not observed as subscription product,0
AD90000C29D830FD11EDF31FC5C115BB,00000001105,PSYCHOTIC (Ежевика),psychotic (ежевика),0,0,0,,,,0,0,other_sale,not observed as subscription product,0
AE8F000C29D830FD11EEAFAFFB2A11BF,00000001277,"psychotic (персик,манго)","psychotic (персик,манго)",0,0,0,,,,0,0,other_sale,not observed as subscription product,0
AE5A000C29D830FD11EE89260D4DA115,00000001241,psychotic (сахарная вата),psychotic (сахарная вата),0,0,0,,,,0,0,other_sale,not observed as subscription product,0
AFBE000C29D830FD11EF91EA83A619B1,00000001467,PSYCHOTIC LABZ  (ФРУКТОВЫЙ ПУНШ),psychotic labz  (фруктовый пунш),0,0,0,,,,0,0,other_sale,not observed as subscription product,0
AC3CA4BF01266AD411EC5352D56CE29C,00000000642,PSYCHOTIC LABZ PSYCHO (АРБУЗ),psychotic labz psycho (арбуз),0,0,0,,,,0,0,other_sale,not observed as subscription product,0
AE38000C29D830FD11EE6E9FD9AABB09,00000001217,PSYCHOTIC LABZ PSYCHO (Голубика Малина),psychotic labz psycho (голубика малина),0,0,0,,,,0,0,other_sale,not observed as subscription product,0
ADA1000C29D830FD11EE006A322D4D8D,00000001117,PSYCHOTIC LABZ PSYCHO (Жевачка),psychotic labz psycho (жевачка),0,0,0,,,,0,0,other_sale,not observed as subscription product,0
AF39000C29D830FD11EF2FA9668E3C65,00000001395,PSYCHOTIC LABZ PSYCHO (конфета),psychotic labz psycho (конфета),0,0,0,,,,0,0,other_sale,not observed as subscription product,0
AEFB000C29D830FD11EF00C20B434FFE,00000001371,PSYCHOTIC LABZ PSYCHO (фруктовый пунш),psychotic labz psycho (фруктовый пунш),0,0,0,,,,0,0,other_sale,not observed as subscription product,0
AD27A4BF01266AD411EDAD287BDC850B,00000000926,PSYCHOTIC LABZ PSYCHO (ФРУКТОВЫЙ ПУНШ),psychotic labz psycho (фруктовый пунш),0,0,0,,,,0,0,other_sale,not observed as subscription product,0
ACABA4BF01266AD411ED43058C182ABC,00000000837,PSYCHOTIC(ВИНОГРАД),psychotic(виноград),0,0,0,,,,0,0,other_sale,not observed as subscription product,0
AE58000C29D830FD11EE87915AB9A30D,00000001239,PUMP Liquid мирабель,pump liquid мирабель,0,0,0,,,,0,0,other_sale,not observed as subscription product,0
B1E9000C29D830FD11F134117D03B878,00000001734,RECKFUL L-carnitine 3500 клубника,reckful l-carnitine 3500 клубника,0,0,0,,,,0,0,other_sale,not observed as subscription product,0
B1CE000C29D830FD11F11EC9D24606D5,00000001729,RECKFUL L-carnitine яблоко киви,reckful l-carnitine яблоко киви,0,0,0,,,,0,0,other_sale,not observed as subscription product,0
AC4CA4BF01266AD411EC78483A3B2EC8,00000000687,RED 3D - REDLABS (арбуз),red 3d - redlabs (арбуз),0,0,0,,,,0,0,other_sale,not observed as subscription product,0
AC3CA4BF01266AD411EC537356045E3D,00000000644,RED 3D - REDLABS (фруктовый пунш),red 3d - redlabs (фруктовый пунш),0,0,0,,,,0,0,other_sale,not observed as subscription product,0
AF10000C29D830FD11EF111D643DE3C9,00000001380,SCITEC NUTRITION (Кофе со льдом),scitec nutrition (кофе со льдом),0,0,0,,,,0,0,other_sale,not observed as subscription product,0
AEC8000C29D830FD11EEDA12ED5188E4,00000001321,scitec nutrition (печенье крем ,scitec nutrition (печенье крем,0,0,0,,,,0,0,other_sale,not observed as subscription product,0
AE7F000C29D830FD11EEA319F5D73DFB,00000001271,SCITEC NUTRITION шоколад орех,scitec nutrition шоколад орех,0,0,0,,,,0,0,other_sale,not observed as subscription product,0
AC8CA4BF01266AD411ED0F1027BD82C5,00000000799,SHAABOOM PUMP (АПЕЛЬСИН) kevin levrone,shaaboom pump (апельсин) kevin levrone,0,0,0,,,,0,0,other_sale,not observed as subscription product,0
AC3AA4BF01266AD411EC50365FDD5A35,00000000609,SHAABOOM PUMP (ПУНШ) kevin levrone,shaaboom pump (пунш) kevin levrone,0,0,0,,,,0,0,other_sale,not observed as subscription product,0
AD0BA4BF01266AD411ED970AE28DDD11,00000000910,SHAABOOM PUMP (ЯБЛОКО) kevin levrone,shaaboom pump (яблоко) kevin levrone,0,0,0,,,,0,0,other_sale,not observed as subscription product,0
B1C6000C29D830FD11F118B224EB0ABA,00000001718,SNAQ FABRIO  Кукурузные палочки Сладкий чили,snaq fabrio  кукурузные палочки сладкий чили,0,0,0,,,,0,0,other_sale,not observed as subscription product,0
B1C6000C29D830FD11F118B5FAA5C8DF,00000001726,"SNAQ FABRIO Батончик вафельный глазированный с начинкой со вкусом ""сливочный крем""","snaq fabrio батончик вафельный глазированный с начинкой со вкусом ""сливочный крем""",0,0,0,,,,0,0,other_sale,not observed as subscription product,0
B1C6000C29D830FD11F118B35B9D1C2F,00000001723,SNAQ FABRIO Драже Шарики кукурузные в шоколаде,snaq fabrio драже шарики кукурузные в шоколаде,0,0,0,,,,0,0,other_sale,not observed as subscription product,0
B1C6000C29D830FD11F118B69F21EC2C,00000001728,SNAQ FABRIO Кукурузные палочки Копченные ребрышки,snaq fabrio кукурузные палочки копченные ребрышки,0,0,0,,,,0,0,other_sale,not observed as subscription product,0
B1C6000C29D830FD11F118B26F0B2230,00000001719,SNAQ FABRIO Кукурузные палочки Четыре сыра,snaq fabrio кукурузные палочки четыре сыра,0,0,0,,,,0,0,other_sale,not observed as subscription product,0
B1C6000C29D830FD11F118B1DDC372AB,00000001717,SNAQ FABRIQ Кукурузные палочки,snaq fabriq кукурузные палочки,0,0,0,,,,0,0,other_sale,not observed as subscription product,0
AFFB000C29D830FD11EFC1FEC408835D,00000001533,Snikers HI PROTEIN POWDER ,snikers hi protein powder,0,0,0,,,,0,0,other_sale,not observed as subscription product,0
AACBA4BF01266AD311EA0613C6B45268,00000000246,Step - 2,step - 2,0,0,0,,,,0,0,other_sale,not observed as subscription product,0
ABCBA4BF01266AD411EBF4F3661C6496,00000000400,Step + Sculpt,step + sculpt,0,0,0,,,,0,0,other_sale,not observed as subscription product,0
AC3AA4BF01266AD411EC5036E1EB56E8,00000000611,STORM (ГРУША) just fit,storm (груша) just fit,0,0,0,,,,0,0,other_sale,not observed as subscription product,0
AC47A4BF01266AD411EC6BB9F01171E7,00000000679,STORM (ЖВАЧКА) JUST FIT,storm (жвачка) just fit,0,0,0,,,,0,0,other_sale,not observed as subscription product,0
AC49A4BF01266AD411EC7218D0D05604,00000000683,STORM JUST FIT (ГРУША),storm just fit (груша),0,0,0,,,,0,0,other_sale,not observed as subscription product,0
AB72A4BF01266AD411EBB25B4EFBAE0C,00000000380,Strong nation,strong nation,0,0,0,,,,0,0,other_sale,not observed as subscription product,0
AA9EA4BF01266AD311E8C6D3BB76391C,00000000078,Super Sculpt,super sculpt,0,0,0,,,,0,0,other_sale,not observed as subscription product,0
B1A9000C29D830FD11F1027DA59BECA7,00000001710,Syntime Nutrition Arginine,syntime nutrition arginine,0,0,0,,,,0,0,other_sale,not observed as subscription product,0
AE18000C29D830FD11EE56EC02C099A0,00000001201,Sуntra matrix (Банан со сливками),sуntra matrix (банан со сливками),0,0,0,,,,0,0,other_sale,not observed as subscription product,0
ACB3A4BF01266AD411ED494655C94432,00000000847,T-34 (АДРЕНАЛИН) SPORTLINE,t-34 (адреналин) sportline,0,0,0,,,,0,0,other_sale,not observed as subscription product,0
AC47A4BF01266AD411EC6BA747F1F488,00000000678,T-34 (БАБЛ-ГАМ) SPORTLINE,t-34 (бабл-гам) sportline,0,0,0,,,,0,0,other_sale,not observed as subscription product,0
AC59A4BF01266AD411EC97B7427A149F,00000000717,T-34 (МАНДАРИН) SPORTLINE,t-34 (мандарин) sportline,0,0,0,,,,0,0,other_sale,not observed as subscription product,0
AC7FA4BF01266AD411ECF18A94938A79,00000000792,USN AMINO ENER-G (голубика),usn amino ener-g (голубика),0,0,0,,,,0,0,other_sale,not observed as subscription product,0
AD0BA4BF01266AD411ED96F87AB11A6E,00000000909,USN B4 BOMB (АПЕЛЬСИН),usn b4 bomb (апельсин),0,0,0,,,,0,0,other_sale,not observed as subscription product,0
AC7FA4BF01266AD411ECF187C6E44A6F,00000000789,USN B4 BOMB (вишня),usn b4 bomb (вишня),0,0,0,,,,0,0,other_sale,not observed as subscription product,0
AC78A4BF01266AD411ECDFE73CA1E145,00000000783,USN B4 BOMB (голубика),usn b4 bomb (голубика),0,0,0,,,,0,0,other_sale,not observed as subscription product,0
ADED000C29D830FD11EE35EB591AC7B6,00000001169,USN B4-Bomb (кола),usn b4-bomb (кола),0,0,0,,,,0,0,other_sale,not observed as subscription product,0
AF94000C29D830FD11EF767D31324F64,00000001444,USN B4-Bomb кола,usn b4-bomb кола,0,0,0,,,,0,0,other_sale,not observed as subscription product,0
AE0A000C29D830FD11EE4C037985998F,00000001175,USN BCAA+ PowerPunch (ежевика),usn bcaa+ powerpunch (ежевика),0,0,0,,,,0,0,other_sale,not observed as subscription product,0
AFD7000C29D830FD11EFA59B6CFE3951,00000001488,USN Hardcore Whey GH шоколад,usn hardcore whey gh шоколад,0,0,0,,,,0,0,other_sale,not observed as subscription product,0
AF32000C29D830FD11EF2BBC756FBA68,00000001392,USN QHUSH BLACK ежевика,usn qhush black ежевика,0,0,0,,,,0,0,other_sale,not observed as subscription product,0
AC7FA4BF01266AD411ECF18A636A493D,00000000791,USN QHUSH HYPERDRIVE SUPER HEAT (фрукт.пунш),usn qhush hyperdrive super heat (фрукт.пунш),0,0,0,,,,0,0,other_sale,not observed as subscription product,0
AC7FA4BF01266AD411ECF1881408765F,00000000790,USN XTS BLACK (виноград),usn xts black (виноград),0,0,0,,,,0,0,other_sale,not observed as subscription product,0
AF91000C29D830FD11EF741715265CBB,00000001441,VOGUE,vogue,0,0,0,,,,0,0,other_sale,not observed as subscription product,0
AE10000C29D830FD11EE50996D13D2F4,00000001185,Zoomad Wheу zoo (шоколадный латте),zoomad wheу zoo (шоколадный латте),0,0,0,,,,0,0,other_sale,not observed as subscription product,0
AE10000C29D830FD11EE5098DB7AC0A0,00000001184,Zoomad Мунс Трак (Конфета со вкусом колы),zoomad мунс трак (конфета со вкусом колы),0,0,0,,,,0,0,other_sale,not observed as subscription product,0
AB72A4BF01266AD411EBB25B36567700,00000000378,ZUMBA TONNING,zumba tonning,0,0,0,,,,0,0,other_sale,not observed as subscription product,0
B21C000C29D830FD11F15676DA7A3787,00000001744,Абонемент МУЛЬТИКАРТА 12 месяцев (рассрочка),абонемент мультикарта 12 месяцев (рассрочка),0,0,0,,,,0,0,other_sale,not observed as subscription product,0
AEAD000C29D830FD11EEC587B897DFCC,00000001295,Абонемент на фитнес,абонемент на фитнес,0,0,0,,,,0,0,other_sale,not observed as subscription product,0
AFE9000C29D830FD11EFB3A8B6A9E638,00000001507,Абонемент на фитнес 1 месяц,абонемент на фитнес 1 месяц,0,0,0,,,,0,0,other_sale,not observed as subscription product,0
AFE9000C29D830FD11EFB3A890D5ED53,00000001503,Абонемент на фитнес 12 месяцев,абонемент на фитнес 12 месяцев,0,0,0,,,,0,0,other_sale,not observed as subscription product,0
AFE9000C29D830FD11EFB3A8B037DAC5,00000001506,Абонемент на фитнес 3 месяца,абонемент на фитнес 3 месяца,0,0,0,,,,0,0,other_sale,not observed as subscription product,0
AFE9000C29D830FD11EFB3A8A912A316,00000001505,Абонемент на фитнес 6 месяцев,абонемент на фитнес 6 месяцев,0,0,0,,,,0,0,other_sale,not observed as subscription product,0
AFE9000C29D830FD11EFB3A8A2D4B0D6,00000001504,Абонемент на фитнес 9 месяцев,абонемент на фитнес 9 месяцев,0,0,0,,,,0,0,other_sale,not observed as subscription product,0
AC3AA4BF01266AD411EC4F5C4C161E7D,00000000491,АЙСБЕРГ,айсберг,0,0,0,,,,0,0,other_sale,not observed as subscription product,0
AAB5A4BF01266AD311E990DB61BCB5C7,00000000178,АКВА,аква,0,0,0,,,,0,0,other_sale,not observed as subscription product,0
AAB5A4BF01266AD311E991BE68B8B690,00000000188,АКВА - пояс,аква - пояс,0,0,0,,,,0,0,other_sale,not observed as subscription product,0
AAB5A4BF01266AD311E991BE6249112A,00000000187,АКВА (нудл + гантели),аква (нудл + гантели),0,0,0,,,,0,0,other_sale,not observed as subscription product,0
ACE7A4BF01266AD411ED7AB9F803DB8E,00000000894,АКВА 30 посещений,аква 30 посещений,0,0,0,,,,0,0,other_sale,not observed as subscription product,0
AAB5A4BF01266AD311E991AED93B40A4,00000000185,АКВА- all,аква- all,0,0,0,,,,0,0,other_sale,not observed as subscription product,0
AAD0A4BF01266AD311EA48D31570664B,00000000275,АКВА- dance,аква- dance,0,0,0,,,,0,0,other_sale,not observed as subscription product,0
AAB5A4BF01266AD311E991C1738AFB2E,00000000190,АКВА гантели,аква гантели,0,0,0,,,,0,0,other_sale,not observed as subscription product,0
AAB5A4BF01266AD311E991BE58A06647,00000000186,АКВА- круговая,аква- круговая,0,0,0,,,,0,0,other_sale,not observed as subscription product,0
AABAA4BF01266AD311E9AD1348E0C1F1,00000000207,Аква Минерале Гранат 0.5,аква минерале гранат 0.5,0,0,0,,,,0,0,other_sale,not observed as subscription product,0
AAB2A4BF01266AD311E980466E91B5FF,00000000151,Аква Минерале Магний 0.5,аква минерале магний 0.5,0,0,0,,,,0,0,other_sale,not observed as subscription product,0
AAB5A4BF01266AD311E994181C664DC4,00000000195,Аква Минерале Цитрус 0.5л,аква минерале цитрус 0.5л,0,0,0,,,,0,0,other_sale,not observed as subscription product,0
AAB5A4BF01266AD311E991C1738AFB2D,00000000189,АКВА нудл,аква нудл,0,0,0,,,,0,0,other_sale,not observed as subscription product,0
AE98000C29D830FD11EEB69E78E6889E,00000001281,"Акция ""Шоколадное"" с пониженной калорийностью + 1 шт 50%","акция ""шоколадное"" с пониженной калорийностью + 1 шт 50%",0,0,0,,,,0,0,other_sale,not observed as subscription product,0
AE98000C29D830FD11EEB69F025F99C3,00000001282,"Акция Bombbar ""Со вкусом крем-брюле"" протеиновое = 1 шт 50%","акция bombbar ""со вкусом крем-брюле"" протеиновое = 1 шт 50%",0,0,0,,,,0,0,other_sale,not observed as subscription product,0
AE9B000C29D830FD11EEB9022DAA04C0,00000001285,"Акция Bombbar ""Со вкусом фисташки"" + 1 шт 50 %","акция bombbar ""со вкусом фисташки"" + 1 шт 50 %",0,0,0,,,,0,0,other_sale,not observed as subscription product,0
AE98000C29D830FD11EEB69E126AFB11,00000001280,Акция Bombbar SnaqFabriq (шоколад)+ 1шт  50%,акция bombbar snaqfabriq (шоколад)+ 1шт  50%,0,0,0,,,,0,0,other_sale,not observed as subscription product,0
AE98000C29D830FD11EEB69FF37BB1A0,00000001283,Акция Соус Bombbar Апельсиновый с клюквой + чипсы краб,акция соус bombbar апельсиновый с клюквой + чипсы краб,0,0,0,,,,0,0,other_sale,not observed as subscription product,0
AE98000C29D830FD11EEB6A06A0F2BE5,00000001284,Акция Соус Bombbar Сгущенка вареная + чипсы краб,акция соус bombbar сгущенка вареная + чипсы краб,0,0,0,,,,0,0,other_sale,not observed as subscription product,0
AF86000C29D830FD11EF6B6DB4E3CD4A,00000001432,Акция Соус Майо + хлебцы рисовые с прованскими травами ,акция соус майо + хлебцы рисовые с прованскими травами,0,0,0,,,,0,0,other_sale,not observed as subscription product,0
AF86000C29D830FD11EF6B6D4693B126,00000001431,Акция Соус Майо + хлебцы рисовые с прованскими травами и томатом,акция соус майо + хлебцы рисовые с прованскими травами и томатом,0,0,0,,,,0,0,other_sale,not observed as subscription product,0
AF86000C29D830FD11EF6B6CA1F45249,00000001429,Акция Соус Сладкий томат + хлебцы рисовые с прованскими травами,акция соус сладкий томат + хлебцы рисовые с прованскими травами,0,0,0,,,,0,0,other_sale,not observed as subscription product,0
AF86000C29D830FD11EF6B6CD612C1A4,00000001430,Акция Соус Сладкий томат + хлебцы рисовые с прованскими травами и томатом,акция соус сладкий томат + хлебцы рисовые с прованскими травами и томатом,0,0,0,,,,0,0,other_sale,not observed as subscription product,0
AF86000C29D830FD11EF6B6C5799A635,00000001428,Акция Соус Чили + хлебцы рисовые с прованскими травами,акция соус чили + хлебцы рисовые с прованскими травами,0,0,0,,,,0,0,other_sale,not observed as subscription product,0
AF86000C29D830FD11EF6B6BCEF6973D,00000001427,Акция Соус Чили + хлебцы рисовые с прованскими травами и томатом,акция соус чили + хлебцы рисовые с прованскими травами и томатом,0,0,0,,,,0,0,other_sale,not observed as subscription product,0
AC3AA4BF01266AD411EC4F597EF0BD84,00000000474,АМЕРИКАНО 200 мл,американо 200 мл,0,0,0,,,,0,0,other_sale,not observed as subscription product,0
AF34000C29D830FD11EF2D4971B659A5,00000001393,АМЕРИКАНО 200 мл+батончик SNAQ FABRIO SNAQER ( ФУНДУК-КАРАМЕЛЬ)(Промышленная),американо 200 мл+батончик snaq fabrio snaqer ( фундук-карамель)(промышленная),0,0,0,,,,0,0,other_sale,not observed as subscription product,0
AF17000C29D830FD11EF16B3A7F16110,00000001386,АМЕРИКАНО 200 мл+батончик SNAQ FABRIO SNAQER ( ФУНДУК-КАРАМЕЛЬ)(Столица),американо 200 мл+батончик snaq fabrio snaqer ( фундук-карамель)(столица),0,0,0,,,,0,0,other_sale,not observed as subscription product,0
AF17000C29D830FD11EF16B4A149119C,00000001387,"АМЕРИКАНО 200 мл+Печенье ""SNAQ FABRIQ"" (арахисовый десерт с соленой карамелью) Столица","американо 200 мл+печенье ""snaq fabriq"" (арахисовый десерт с соленой карамелью) столица",0,0,0,,,,0,0,other_sale,not observed as subscription product,0
AE6D000C29D830FD11EE97F4D5B96AAF,00000001250,"АМЕРИКАНО 200 мл+Печенье ""SNAQ FABRIQ"" (арахисовый десерт с соленой карамелью)Гоголевский","американо 200 мл+печенье ""snaq fabriq"" (арахисовый десерт с соленой карамелью)гоголевский",0,0,0,,,,0,0,other_sale,not observed as subscription product,0
AF14000C29D830FD11EF141E64B82486,00000001385,"АМЕРИКАНО 200 мл+Печенье ""SNAQ FABRIQ"" (сливочное с кокосом)Гоголевский","американо 200 мл+печенье ""snaq fabriq"" (сливочное с кокосом)гоголевский",0,0,0,,,,0,0,other_sale,not observed as subscription product,0
ADDD000C29D830FD11EE29E9E5206DFC,00000001151,АМЕРИКАНО 200 мл+Печенье DESSERT Вишня в шоколаде,американо 200 мл+печенье dessert вишня в шоколаде,0,0,0,,,,0,0,other_sale,not observed as subscription product,0
ADDD000C29D830FD11EE29E9AB3BBF5C,00000001150,АМЕРИКАНО 200 мл+Печенье DESSERT Двойной шоколад,американо 200 мл+печенье dessert двойной шоколад,0,0,0,,,,0,0,other_sale,not observed as subscription product,0
ADDD000C29D830FD11EE29E970D731D7,00000001149,АМЕРИКАНО 200 мл+Печенье DESSERT Клубника со сливками,американо 200 мл+печенье dessert клубника со сливками,0,0,0,,,,0,0,other_sale,not observed as subscription product,0
ADDD000C29D830FD11EE29E8C1C51617,00000001148,АМЕРИКАНО 200 мл+Печенье DESSERT Кокос и цитрус,американо 200 мл+печенье dessert кокос и цитрус,0,0,0,,,,0,0,other_sale,not observed as subscription product,0
ADDD000C29D830FD11EE29EABD90B647,00000001154,АМЕРИКАНО 200 мл+Печенье DESSERT со вкусом апельсина,американо 200 мл+печенье dessert со вкусом апельсина,0,0,0,,,,0,0,other_sale,not observed as subscription product,0
ADDD000C29D830FD11EE29EAF56AA0F2,00000001155,АМЕРИКАНО 200 мл+Печенье DESSERT со вкусом фисташки,американо 200 мл+печенье dessert со вкусом фисташки,0,0,0,,,,0,0,other_sale,not observed as subscription product,0
ADDD000C29D830FD11EE29EA6EA98F46,00000001153,АМЕРИКАНО 200 мл+Печенье DESSERT черная смородина,американо 200 мл+печенье dessert черная смородина,0,0,0,,,,0,0,other_sale,not observed as subscription product,0
ADDD000C29D830FD11EE29EA36217F7E,00000001152,АМЕРИКАНО 200 мл+Печенье DESSERT шоколадный крем,американо 200 мл+печенье dessert шоколадный крем,0,0,0,,,,0,0,other_sale,not observed as subscription product,0
AF2D000C29D830FD11EF27CB79FE3B84,00000001391,АМЕРИКАНО 200 мл+Печенье с суфле Ё/батон Шоколад-кофе Гоголевский,американо 200 мл+печенье с суфле ё/батон шоколад-кофе гоголевский,0,0,0,,,,0,0,other_sale,not observed as subscription product,0
AD64A4BF01266AD411EDDDEB478BC281,00000001061,АМЕРИКАНО 300 мл,американо 300 мл,0,0,0,,,,0,0,other_sale,not observed as subscription product,0
AC3AA4BF01266AD411EC503B715A88D3,00000000622,АМИНОКИСЛОТЫ,аминокислоты,0,0,0,,,,0,0,other_sale,not observed as subscription product,0
AC3AA4BF01266AD411EC4F65D87B997F,00000000512,АНАНАС,ананас,0,0,0,,,,0,0,other_sale,not observed as subscription product,0
AC3AA4BF01266AD411EC4F5A89678CB5,00000000483,АНАНАС ГР,ананас гр,0,0,0,,,,0,0,other_sale,not observed as subscription product,0
AC3AA4BF01266AD411EC4F600A92C187,00000000503,АНТИДЕПРЕССАНТ,антидепрессант,0,0,0,,,,0,0,other_sale,not observed as subscription product,0
AC3AA4BF01266AD411EC4F6F946AE743,00000000524,АПЕЛЬСИН,апельсин,0,0,0,,,,0,0,other_sale,not observed as subscription product,0
AC36A4BF01266AD411EC4941DAA89C01,00000000432,АПЕЛЬСИН ГР,апельсин гр,0,0,0,,,,0,0,other_sale,not observed as subscription product,0
ACB5A4BF01266AD411ED4AE188A7098F,00000000848,Апельсин шт ,апельсин шт,0,0,0,,,,0,0,other_sale,not observed as subscription product,0
AC7AA4BF01266AD411ECE56F071DC511,00000000784,АПЕЛЬСИНОВАЯ МАТЧА,апельсиновая матча,0,0,0,,,,0,0,other_sale,not observed as subscription product,0
AC3AA4BF01266AD411EC5014393BD377,00000000569,АПЕЛЬСИНОВЫЙ ФРЕШ 200 мл,апельсиновый фреш 200 мл,0,0,0,,,,0,0,other_sale,not observed as subscription product,0
AC3AA4BF01266AD411EC501444515067,00000000570,АПЕЛЬСИНОВЫЙ ФРЕШ 300 мл,апельсиновый фреш 300 мл,0,0,0,,,,0,0,other_sale,not observed as subscription product,0
ABAEA4BF01266AD411EBDE8452B0A360,00000000395,Апельсины кг,апельсины кг,0,0,0,,,,0,0,other_sale,not observed as subscription product,0
AC7AA4BF01266AD411ECE57132B5C81B,00000000786,АРАХИС,арахис,0,0,0,,,,0,0,other_sale,not observed as subscription product,0
AA9DA4BF01266AD311E8B7358B9573CA,00000000066,"АРЕНДА (дет. комната, шкафчик, полотенца)","аренда (дет. комната, шкафчик, полотенца)",0,0,0,,,,0,0,other_sale,not observed as subscription product,0
AA9BA4BF01266AD311E8AABCC0ED0D7A,00000000030,Аренда полотенца (большое),аренда полотенца (большое),0,0,0,,,,0,0,other_sale,not observed as subscription product,0
AA9BA4BF01266AD311E8AABCC0ED0D7B,00000000031,Аренда полотенца (маленькое),аренда полотенца (маленькое),0,0,0,,,,0,0,other_sale,not observed as subscription product,0
ACD9A4BF01266AD411ED6FBC3F4A0C33,00000000877,Аренда рекламного места,аренда рекламного места,0,0,0,,,,0,0,other_sale,not observed as subscription product,0
AEEA000C29D830FD11EEF32A50CABAC1,00000001328,Аренда рекламного места А2,аренда рекламного места а2,0,0,0,,,,0,0,other_sale,not observed as subscription product,0
AFE6000C29D830FD11EFB15253B2C334,00000001499,Аренда шкаф/полотенце/рекламное место,аренда шкаф/полотенце/рекламное место,0,0,0,,,,0,0,other_sale,not observed as subscription product,0
B084000C29D830FD11F02A40EAD49D6B,00000001604,Аренда шкафа 1 месяц,аренда шкафа 1 месяц,0,0,0,,,,0,0,other_sale,not observed as subscription product,0
AA9BA4BF01266AD311E8AABCC0ED0D8B,00000000047,Аренда шкафа 1 месяц,аренда шкафа 1 месяц,0,0,0,,,,0,0,other_sale,not observed as subscription product,0
ABF4A4BF01266AD411EC11FF7FE34AE3,00000000406,Аренда шкафа 12 месяцев,аренда шкафа 12 месяцев,0,0,0,,,,0,0,other_sale,not observed as subscription product,0
AA9BA4BF01266AD311E8AABCC0ED0D8C,00000000048,Аренда шкафа 3 месяца,аренда шкафа 3 месяца,0,0,0,,,,0,0,other_sale,not observed as subscription product,0
AA9BA4BF01266AD311E8AABCC0ED0D8D,00000000049,Аренда шкафа 6 месяцев,аренда шкафа 6 месяцев,0,0,0,,,,0,0,other_sale,not observed as subscription product,0
AD33A4BF01266AD411EDBF161D7D0335,00000000958,Арматура для бачка с нижней подводкой двойная хромированная кнопка Iddis,арматура для бачка с нижней подводкой двойная хромированная кнопка iddis,0,0,0,,,,0,0,other_sale,not observed as subscription product,0
AAB2A4BF01266AD311E980466E91B601,00000000153,Атлетия BCAA,атлетия bcaa,0,0,0,,,,0,0,other_sale,not observed as subscription product,0
AAB2A4BF01266AD311E980466E91B602,00000000154,Атлетия GUARANA,атлетия guarana,0,0,0,,,,0,0,other_sale,not observed as subscription product,0
AAE2A4BF01266AD411EAFD70765FA984,00000000343,Атлетия ISOTONIC,атлетия isotonic,0,0,0,,,,0,0,other_sale,not observed as subscription product,0
AAB2A4BF01266AD311E980466E91B600,00000000152,Атлетия L-CARNITINE ,атлетия l-carnitine,0,0,0,,,,0,0,other_sale,not observed as subscription product,0
AE6D000C29D830FD11EE981938EC9604,00000001251,БАДЫ,бады,0,0,0,,,,0,0,other_sale,not observed as subscription product,0
B182000C29D830FD11F0E484B110A5D0,00000001698,Баланс+сила ,баланс+сила,0,0,0,,,,0,0,other_sale,not observed as subscription product,0
AD4BA4BF01266AD411EDD223F1A0A065,00000000993,БАНАН СИРОП WTS ГР (без сахара) ,банан сироп wts гр (без сахара),0,0,0,,,,0,0,other_sale,not observed as subscription product,0
AC38A4BF01266AD411EC4C4EFDE5D286,00000000454,БАНАН СИРОП ГР,банан сироп гр,0,0,0,,,,0,0,other_sale,not observed as subscription product,0
AC36A4BF01266AD411EC493E2C8DD2AE,00000000425,БАНАН ШТ,банан шт,0,0,0,,,,0,0,other_sale,not observed as subscription product,0
ABAEA4BF01266AD411EBDE845B2A7C2E,00000000396,Бананы гр,бананы гр,0,0,0,,,,0,0,other_sale,not observed as subscription product,0
AB73A4BF01266AD411EBB30612DF9C67,00000000382,Бар,бар,0,0,0,,,,0,0,other_sale,not observed as subscription product,0
B0CB000C29D830FD11F05C034B4FB444,00000001633,"Батончик ""Bombbar"" вафельный с молочно-ореховой пастой со вкусом  "" Капучино""","батончик ""bombbar"" вафельный с молочно-ореховой пастой со вкусом  "" капучино""",0,0,0,,,,0,0,other_sale,not observed as subscription product,0
B0CB000C29D830FD11F05C0304FA0B84,00000001632,"Батончик ""Bombbar"" вафельный с молочно-ореховой пастой со вкусом  "" Топленого молока""","батончик ""bombbar"" вафельный с молочно-ореховой пастой со вкусом  "" топленого молока""",0,0,0,,,,0,0,other_sale,not observed as subscription product,0
B0CB000C29D830FD11F05C037642316C,00000001634,"Батончик ""Bombbar"" вафельный с шоколадно-ореховой пастой со вкусом  "" Тирамису""","батончик ""bombbar"" вафельный с шоколадно-ореховой пастой со вкусом  "" тирамису""",0,0,0,,,,0,0,other_sale,not observed as subscription product,0
AEFB000C29D830FD11EF00ABD1EBBA7D,00000001354,"Батончик ""Bombbar"" вафельный со вкусом ""Ванильный пломбир в шоколаде""","батончик ""bombbar"" вафельный со вкусом ""ванильный пломбир в шоколаде""",0,0,0,,,,0,0,other_sale,not observed as subscription product,0
AEFB000C29D830FD11EF00ABFD397BC7,00000001355,"Батончик ""Bombbar"" вафельный со вкусом ""Ванильный пломбир в шоколаде"" коробка","батончик ""bombbar"" вафельный со вкусом ""ванильный пломбир в шоколаде"" коробка",0,0,0,,,,0,0,other_sale,not observed as subscription product,0
AEFB000C29D830FD11EF00AE4BF67305,00000001358,"Батончик ""Bombbar"" вафельный со вкусом ""Ореховый пломбир в шоколаде""","батончик ""bombbar"" вафельный со вкусом ""ореховый пломбир в шоколаде""",0,0,0,,,,0,0,other_sale,not observed as subscription product,0
AEFB000C29D830FD11EF00AE66A9E5E7,00000001359,"Батончик ""Bombbar"" вафельный со вкусом ""Ореховый пломбир в шоколаде"" коробка","батончик ""bombbar"" вафельный со вкусом ""ореховый пломбир в шоколаде"" коробка",0,0,0,,,,0,0,other_sale,not observed as subscription product,0
AFF4000C29D830FD11EFBC50A65D3928,00000001527,"Батончик ""FitnesShock"" Кофе-апельсин","батончик ""fitnesshock"" кофе-апельсин",0,0,0,,,,0,0,other_sale,not observed as subscription product,0
AFF0000C29D830FD11EFB92DDC1F5C99,00000001510,"Батончик ""FitnesShock"" Лимон-чиа","батончик ""fitnesshock"" лимон-чиа",0,0,0,,,,0,0,other_sale,not observed as subscription product,0
AFF0000C29D830FD11EFB92DF0C995D0,00000001511,"Батончик ""FitnesShock"" Лимон-чиа коробка","батончик ""fitnesshock"" лимон-чиа коробка",0,0,0,,,,0,0,other_sale,not observed as subscription product,0
B021000C29D830FD11EFDFB182080E27,00000001549,"Батончик ""FitnesShock"" неглаз. Малиновый десерт","батончик ""fitnesshock"" неглаз. малиновый десерт",0,0,0,,,,0,0,other_sale,not observed as subscription product,0
AFF0000C29D830FD11EFB92D79A2E3E7,00000001508,"Батончик ""FitnesShock"" Соленая карамель-арахис","батончик ""fitnesshock"" соленая карамель-арахис",0,0,0,,,,0,0,other_sale,not observed as subscription product,0
AFF0000C29D830FD11EFB92D9A382829,00000001509,"Батончик ""FitnesShock"" Соленая карамель-арахис коробка","батончик ""fitnesshock"" соленая карамель-арахис коробка",0,0,0,,,,0,0,other_sale,not observed as subscription product,0
AFF0000C29D830FD11EFB92E1FCF7DFE,00000001512,"Батончик ""FitnesShock"" Черничный десерт","батончик ""fitnesshock"" черничный десерт",0,0,0,,,,0,0,other_sale,not observed as subscription product,0
AFF0000C29D830FD11EFB92E6311B4D4,00000001513,"Батончик ""FitnesShock"" Черничный десерт коробка","батончик ""fitnesshock"" черничный десерт коробка",0,0,0,,,,0,0,other_sale,not observed as subscription product,0
B0CB000C29D830FD11F05BF293756850,00000001631,"Батончик ""PROTEIN NUT BAR""со вкусом шоколада с цельным лесным орехом","батончик ""protein nut bar""со вкусом шоколада с цельным лесным орехом",0,0,0,,,,0,0,other_sale,not observed as subscription product,0
AFFC000C29D830FD11EFC29E7E41D25D,00000001534,"Батончик ""Rexy"" beauty манго-папайя","батончик ""rexy"" beauty манго-папайя",0,0,0,,,,0,0,other_sale,not observed as subscription product,0
AFFC000C29D830FD11EFC29EFC1A2695,00000001536,"Батончик ""Rexy"" night малиновый","батончик ""rexy"" night малиновый",0,0,0,,,,0,0,other_sale,not observed as subscription product,0
AFFC000C29D830FD11EFC29ECD9BAF3F,00000001535,"Батончик ""Rexy"" young клубничное мороженое","батончик ""rexy"" young клубничное мороженое",0,0,0,,,,0,0,other_sale,not observed as subscription product,0
AEFB000C29D830FD11EF00ADFBC23C2B,00000001356,"Батончик ""SNAQ FABRIQ"" вафельный со вкусом ""Ванильный крем и бельгийский шоколад""","батончик ""snaq fabriq"" вафельный со вкусом ""ванильный крем и бельгийский шоколад""",0,0,0,,,,0,0,other_sale,not observed as subscription product,0
AEFB000C29D830FD11EF00AE2B4D320F,00000001357,"Батончик ""SNAQ FABRIQ"" вафельный со вкусом ""Ванильный крем и бельгийский шоколад"" коробка","батончик ""snaq fabriq"" вафельный со вкусом ""ванильный крем и бельгийский шоколад"" коробка",0,0,0,,,,0,0,other_sale,not observed as subscription product,0
AEFB000C29D830FD11EF00AE8BDB9626,00000001360,"Батончик ""SNAQ FABRIQ"" вафельный со вкусом ""Фундучный крем и бельгийский шоколад""","батончик ""snaq fabriq"" вафельный со вкусом ""фундучный крем и бельгийский шоколад""",0,0,0,,,,0,0,other_sale,not observed as subscription product,0
AEFB000C29D830FD11EF00AEA8526BB8,00000001361,"Батончик ""SNAQ FABRIQ"" вафельный со вкусом ""Фундучный крем и бельгийский шоколад"" коробка","батончик ""snaq fabriq"" вафельный со вкусом ""фундучный крем и бельгийский шоколад"" коробка",0,0,0,,,,0,0,other_sale,not observed as subscription product,0
AF79000C29D830FD11EF612AFBE773F2,00000001410,"Батончик ""SNAQ FABRIQ"" неглазированный вафельный ""Шоколад фундук""","батончик ""snaq fabriq"" неглазированный вафельный ""шоколад фундук""",0,0,0,,,,0,0,other_sale,not observed as subscription product,0
B0CC000C29D830FD11F05C9DC75B0B97,00000001641,"Батончик ""SNAQ FABRIQ"" неглазированный вафельный ""Шоколад фундук"" в пакете 100гр","батончик ""snaq fabriq"" неглазированный вафельный ""шоколад фундук"" в пакете 100гр",0,0,0,,,,0,0,other_sale,not observed as subscription product,0
AF79000C29D830FD11EF612B332674EF,00000001411,"Батончик ""SNAQ FABRIQ"" неглазированный вафельный со сливочным вкусом","батончик ""snaq fabriq"" неглазированный вафельный со сливочным вкусом",0,0,0,,,,0,0,other_sale,not observed as subscription product,0
B0CC000C29D830FD11F05C9DAC0C62AD,00000001640,"Батончик ""SNAQ FABRIQ"" неглазированный вафельный со сливочным вкусом в пакете 100 гр.","батончик ""snaq fabriq"" неглазированный вафельный со сливочным вкусом в пакете 100 гр.",0,0,0,,,,0,0,other_sale,not observed as subscription product,0
AB55A4BF01266AD411EB9B84233E502A,00000000377,Батончик BASE Bar Slim Бисквитное печенье,батончик base bar slim бисквитное печенье,0,0,0,,,,0,0,other_sale,not observed as subscription product,0
AB1EA4BF01266AD411EB7032ED15672F,00000000359,Батончик BASE Bar Slim Кокосовый десерт,батончик base bar slim кокосовый десерт,0,0,0,,,,0,0,other_sale,not observed as subscription product,0
AAE1A4BF01266AD411EAE6D55AB4A175,00000000341,Батончик BASE Bar Slim Фисташковое мороженное,батончик base bar slim фисташковое мороженное,0,0,0,,,,0,0,other_sale,not observed as subscription product,0
AAE1A4BF01266AD411EAE6D512D00E25,00000000339,Батончик BASE Bar Бейлиз,батончик base bar бейлиз,0,0,0,,,,0,0,other_sale,not observed as subscription product,0
AAE3A4BF01266AD411EB0E28456C978E,00000000348,Батончик BASE Bar Карамельный бисквит,батончик base bar карамельный бисквит,0,0,0,,,,0,0,other_sale,not observed as subscription product,0
AAE3A4BF01266AD411EB0E28103CB725,00000000347,Батончик BASE Bar Ореховый десерт,батончик base bar ореховый десерт,0,0,0,,,,0,0,other_sale,not observed as subscription product,0
AAE1A4BF01266AD411EAE6D54197BCF5,00000000340,Батончик BASE Bar Шоколад Мята,батончик base bar шоколад мята,0,0,0,,,,0,0,other_sale,not observed as subscription product,0
AAE9A4BF01266AD411EB2A352519CE84,00000000349,Батончик BASE Bar Яблочный Штрудель,батончик base bar яблочный штрудель,0,0,0,,,,0,0,other_sale,not observed as subscription product,0
AD29A4BF01266AD411EDAE96156D199A,00000000930,Батончик BIG NUTS со вкусом шоколада с цельным лесным орехом в глазури,батончик big nuts со вкусом шоколада с цельным лесным орехом в глазури,0,0,0,,,,0,0,other_sale,not observed as subscription product,0
AD29A4BF01266AD411EDAEC1B526955D,00000000941,"Батончик Bombbar ""Кранч Брауни Чизкейк""","батончик bombbar ""кранч брауни чизкейк""",0,0,0,,,,0,0,other_sale,not observed as subscription product,0
AD58A4BF01266AD411EDD798CB013383,00000001015,"Батончик Bombbar ""Кранч Брауни Чизкейк"" коробка","батончик bombbar ""кранч брауни чизкейк"" коробка",0,0,0,,,,0,0,other_sale,not observed as subscription product,0
AD29A4BF01266AD411EDAEC1D6592E96,00000000942,"Батончик Bombbar ""Кранч Ваниль Чизкейк""","батончик bombbar ""кранч ваниль чизкейк""",0,0,0,,,,0,0,other_sale,not observed as subscription product,0
ADC4000C29D830FD11EE165EFCFA472C,00000001133,"Батончик Bombbar ""Кранч Ваниль Чизкейк"" коробка","батончик bombbar ""кранч ваниль чизкейк"" коробка",0,0,0,,,,0,0,other_sale,not observed as subscription product,0
AACDA4BF01266AD311EA1D744A0B8902,00000000266,Батончик Bombbar (Protein) - манго/банан,батончик bombbar (protein) - манго/банан,0,0,0,,,,0,0,other_sale,not observed as subscription product,0
AACEA4BF01266AD311EA3313D0315F08,00000000269,Батончик Bombbar (Protein) Арахис,батончик bombbar (protein) арахис,0,0,0,,,,0,0,other_sale,not observed as subscription product,0
AACCA4BF01266AD311EA10E76E8EC1FF,00000000260,Батончик Bombbar (Protein) Грецкие орехи с мёдом ,батончик bombbar (protein) грецкие орехи с мёдом,0,0,0,,,,0,0,other_sale,not observed as subscription product,0
AACAA4BF01266AD311E9EB27472955C2,00000000223,Батончик Bombbar (Protein) Кокос,батончик bombbar (protein) кокос,0,0,0,,,,0,0,other_sale,not observed as subscription product,0
AACBA4BF01266AD311EA0611770910AD,00000000235,батончик Bombbar (protein) Миндаль-ваниль,батончик bombbar (protein) миндаль-ваниль,0,0,0,,,,0,0,other_sale,not observed as subscription product,0
AC5FA4BF01266AD411ECA4679071FDD1,00000000742,батончик BOMBBAR (КОКОС),батончик bombbar (кокос),0,0,0,,,,0,0,other_sale,not observed as subscription product,0
AC72A4BF01266AD411ECD131BBAF4B0C,00000000771,батончик BOMBBAR (КРЕМОВАЯ ФИСТАШКА),батончик bombbar (кремовая фисташка),0,0,0,,,,0,0,other_sale,not observed as subscription product,0
AC5FA4BF01266AD411ECA4664EF222A6,00000000738,батончик BOMBBAR (КРЕМОВОЕ ПЕЧЕНЬЕ),батончик bombbar (кремовое печенье),0,0,0,,,,0,0,other_sale,not observed as subscription product,0
AC5FA4BF01266AD411ECA467787F9A2B,00000000741,батончик BOMBBAR (МАЛИНОВЫЙ КРЕМ СО СЛИВКАМИ),батончик bombbar (малиновый крем со сливками),0,0,0,,,,0,0,other_sale,not observed as subscription product,0
AC72A4BF01266AD411ECD132160F88DE,00000000772,батончик BOMBBAR (МАЛИНОВЫЙ СОРБЕТ),батончик bombbar (малиновый сорбет),0,0,0,,,,0,0,other_sale,not observed as subscription product,0
AC8FA4BF01266AD411ED29D5B0CED483,00000000819,батончик BOMBBAR (МАЛИНОВЫЙ ЧИЗКЕЙК),батончик bombbar (малиновый чизкейк),0,0,0,,,,0,0,other_sale,not observed as subscription product,0
AC5FA4BF01266AD411ECA4FABC5FE794,00000000743,батончик BOMBBAR (ПЕЧЕНЬЕ-КРЕМ),батончик bombbar (печенье-крем),0,0,0,,,,0,0,other_sale,not observed as subscription product,0
AC5FA4BF01266AD411ECA466CAAF6A2A,00000000740,батончик BOMBBAR (ФИСТАШК.ПЛОМБИР),батончик bombbar (фисташк.пломбир),0,0,0,,,,0,0,other_sale,not observed as subscription product,0
AC72A4BF01266AD411ECD132A911348B,00000000773,батончик BOMBBAR (ФИСТАШКОВАЯ МЕРЕНГА),батончик bombbar (фисташковая меренга),0,0,0,,,,0,0,other_sale,not observed as subscription product,0
AC5FA4BF01266AD411ECA466A42BC70C,00000000739,батончик BOMBBAR (ШОКОЛАД-ФУНДУК),батончик bombbar (шоколад-фундук),0,0,0,,,,0,0,other_sale,not observed as subscription product,0
AAD5A4BF01266AD311EA6D119247CF23,00000000301,Батончик Bombbar Венская вафля,батончик bombbar венская вафля,0,0,0,,,,0,0,other_sale,not observed as subscription product,0
AACBA4BF01266AD311E9F4CA6242377D,00000000229,Батончик Bombbar Датский Бисквит,батончик bombbar датский бисквит,0,0,0,,,,0,0,other_sale,not observed as subscription product,0
AAD0A4BF01266AD311EA49AC596B4BDA,00000000276,Батончик Bombbar Клубника,батончик bombbar клубника,0,0,0,,,,0,0,other_sale,not observed as subscription product,0
AACDA4BF01266AD311EA1810B055D876,00000000265,Батончик Bombbar Лимонный пирог,батончик bombbar лимонный пирог,0,0,0,,,,0,0,other_sale,not observed as subscription product,0
AACBA4BF01266AD311EA060D47AA9EAF,00000000234,Батончик Bombbar Миндаль (almonds),батончик bombbar миндаль (almonds),0,0,0,,,,0,0,other_sale,not observed as subscription product,0
B059000C29D830FD11F0097CFEBAD76E,00000001584,батончик Bombbar мюсли негл мультизлаковый Киви-чиа,батончик bombbar мюсли негл мультизлаковый киви-чиа,0,0,0,,,,0,0,other_sale,not observed as subscription product,0
AACCA4BF01266AD311EA10E822E18371,00000000261,Батончик Bombbar Панкейк (смородина-черника),батончик bombbar панкейк (смородина-черника),0,0,0,,,,0,0,other_sale,not observed as subscription product,0
AACEA4BF01266AD311EA36B2FF8AC956,00000000270,Батончик Bombbar Пуддинг (манго-банан) ,батончик bombbar пуддинг (манго-банан),0,0,0,,,,0,0,other_sale,not observed as subscription product,0
AAD5A4BF01266AD311EA6D116883F1C8,00000000300,Батончик Bombbar солёная карамель,батончик bombbar солёная карамель,0,0,0,,,,0,0,other_sale,not observed as subscription product,0
AACAA4BF01266AD311E9EB2770C23C1F,00000000224,Батончик Bombbar Тирамису,батончик bombbar тирамису,0,0,0,,,,0,0,other_sale,not observed as subscription product,0
AACEA4BF01266AD311EA3313BE0A0D4D,00000000268,Батончик Bombbar Фисташковая мороженка,батончик bombbar фисташковая мороженка,0,0,0,,,,0,0,other_sale,not observed as subscription product,0
AACBA4BF01266AD311E9EB76D68265B7,00000000227,Батончик Bombbar Чизкейк,батончик bombbar чизкейк,0,0,0,,,,0,0,other_sale,not observed as subscription product,0
AACBA4BF01266AD311E9F4CA50B12A6E,00000000228,Батончик Bombbar Шоколад,батончик bombbar шоколад,0,0,0,,,,0,0,other_sale,not observed as subscription product,0
AACAA4BF01266AD311E9EB278C9DB55C,00000000225,Батончик Bombbar Шоколад - орех,батончик bombbar шоколад - орех,0,0,0,,,,0,0,other_sale,not observed as subscription product,0
AAE0A4BF01266AD411EACFFDFBF7388C,00000000313,Батончик Bombbar Яблоко - корица,батончик bombbar яблоко - корица,0,0,0,,,,0,0,other_sale,not observed as subscription product,0
AACAA4BF01266AD311E9E5E312E97764,00000000219,Батончик Bombbar(slim) Nuts,батончик bombbar(slim) nuts,0,0,0,,,,0,0,other_sale,not observed as subscription product,0
AACAA4BF01266AD311E9E5E2BFBA0CF1,00000000218,Батончик Bombbar(slim) Ананас и вишня,батончик bombbar(slim) ананас и вишня,0,0,0,,,,0,0,other_sale,not observed as subscription product,0
AC8FA4BF01266AD411ED29D26AAAAB39,00000000815,Батончик CHIKABAR (АРАХИС),батончик chikabar (арахис),0,0,0,,,,0,0,other_sale,not observed as subscription product,0
AD5AA4BF01266AD411EDD8665DACAFDB,00000001036,Батончик CHIKABAR (АРАХИС) в коробке,батончик chikabar (арахис) в коробке,0,0,0,,,,0,0,other_sale,not observed as subscription product,0
AC8FA4BF01266AD411ED29D2186E3657,00000000814,Батончик CHIKABAR (КЛУБНИКА СО СЛИВКАМИ),батончик chikabar (клубника со сливками),0,0,0,,,,0,0,other_sale,not observed as subscription product,0
AD5AA4BF01266AD411EDD866FE77FEE5,00000001037,Батончик CHIKABAR (КЛУБНИКА СО СЛИВКАМИ) в коробке,батончик chikabar (клубника со сливками) в коробке,0,0,0,,,,0,0,other_sale,not observed as subscription product,0
AC72A4BF01266AD411ECD130D7F5A469,00000000770,Батончик CHIKABAR (кокос),батончик chikabar (кокос),0,0,0,,,,0,0,other_sale,not observed as subscription product,0
AD5AA4BF01266AD411EDD867CFC9B090,00000001039,Батончик CHIKABAR (кокос) в коробке,батончик chikabar (кокос) в коробке,0,0,0,,,,0,0,other_sale,not observed as subscription product,0
AC8FA4BF01266AD411ED29D2F3C51261,00000000816,Батончик CHIKABAR (ТИРАМИСУ),батончик chikabar (тирамису),0,0,0,,,,0,0,other_sale,not observed as subscription product,0
AF79000C29D830FD11EF61350DA82CA8,00000001423,Батончик CHIKABAR (Фисташковый крем),батончик chikabar (фисташковый крем),0,0,0,,,,0,0,other_sale,not observed as subscription product,0
AF79000C29D830FD11EF61352BE6A259,00000001424,Батончик CHIKABAR (Фисташковый крем) коробка,батончик chikabar (фисташковый крем) коробка,0,0,0,,,,0,0,other_sale,not observed as subscription product,0
AF79000C29D830FD11EF613467FE3250,00000001421,Батончик CHIKABAR (Хрустящее печенье),батончик chikabar (хрустящее печенье),0,0,0,,,,0,0,other_sale,not observed as subscription product,0
AF79000C29D830FD11EF6134851B4003,00000001422,Батончик CHIKABAR (Хрустящее печенье) коробка,батончик chikabar (хрустящее печенье) коробка,0,0,0,,,,0,0,other_sale,not observed as subscription product,0
AC72A4BF01266AD411ECD1301A7140A2,00000000768,Батончик CHIKABAR LAYERS ( соленая карамель и арахис),батончик chikabar layers ( соленая карамель и арахис),0,0,0,,,,0,0,other_sale,not observed as subscription product,0
AD5AA4BF01266AD411EDD86B33B63F68,00000001042,Батончик CHIKABAR LAYERS ( соленая карамель и арахис) в коробке,батончик chikabar layers ( соленая карамель и арахис) в коробке,0,0,0,,,,0,0,other_sale,not observed as subscription product,0
ACD2A4BF01266AD411ED61A34D3B2F72,00000000858,Батончик CHIKABAR LAYERS (лесной орех с карамелью),батончик chikabar layers (лесной орех с карамелью),0,0,0,,,,0,0,other_sale,not observed as subscription product,0
AD5AA4BF01266AD411EDD867607CC754,00000001038,Батончик CHIKABAR LAYERS (лесной орех с карамелью) в коробке,батончик chikabar layers (лесной орех с карамелью) в коробке,0,0,0,,,,0,0,other_sale,not observed as subscription product,0
AD29A4BF01266AD411EDAEB4A9BF1256,00000000931,Батончик CHIKABAR LAYERS (фисташковый йогурт),батончик chikabar layers (фисташковый йогурт),0,0,0,,,,0,0,other_sale,not observed as subscription product,0
AD5AA4BF01266AD411EDD86AD89310F1,00000001041,Батончик CHIKABAR LAYERS (фисташковый йогурт) в коробке,батончик chikabar layers (фисташковый йогурт) в коробке,0,0,0,,,,0,0,other_sale,not observed as subscription product,0
AC72A4BF01266AD411ECD13081C3DDF5,00000000769,Батончик CHIKABAR LAYERS (хрустящее печенье с двойным шоколадом),батончик chikabar layers (хрустящее печенье с двойным шоколадом),0,0,0,,,,0,0,other_sale,not observed as subscription product,0
AD5AA4BF01266AD411EDD868AA8EB065,00000001040,Батончик CHIKABAR LAYERS (хрустящее печенье с двойным шоколадом) в коробке,батончик chikabar layers (хрустящее печенье с двойным шоколадом) в коробке,0,0,0,,,,0,0,other_sale,not observed as subscription product,0
AD29A4BF01266AD411EDAEBC6931A63B,00000000936,Батончик CHIKALAB (Нуга с малиной),батончик chikalab (нуга с малиной),0,0,0,,,,0,0,other_sale,not observed as subscription product,0
AD5BA4BF01266AD411EDD904C58CF548,00000001055,Батончик CHIKALAB (Нуга с малиной) в коробке,батончик chikalab (нуга с малиной) в коробке,0,0,0,,,,0,0,other_sale,not observed as subscription product,0
AD29A4BF01266AD411EDAEBC4430EBFB,00000000935,Батончик CHIKALAB (Нуга со вкусом Тирамису),батончик chikalab (нуга со вкусом тирамису),0,0,0,,,,0,0,other_sale,not observed as subscription product,0
AD5BA4BF01266AD411EDD9056A412133,00000001056,Батончик CHIKALAB (Нуга со вкусом Тирамису) в коробке,батончик chikalab (нуга со вкусом тирамису) в коробке,0,0,0,,,,0,0,other_sale,not observed as subscription product,0
AFD3000C29D830FD11EFA26765332CE5,00000001482,Батончик CHIKALAB (Тирамису),батончик chikalab (тирамису),0,0,0,,,,0,0,other_sale,not observed as subscription product,0
AFD3000C29D830FD11EFA2781F9FCD33,00000001484,Батончик CHIKALAB (Тирамису) коробка,батончик chikalab (тирамису) коробка,0,0,0,,,,0,0,other_sale,not observed as subscription product,0
AD29A4BF01266AD411EDAEBE815B2544,00000000938,"Батончик CHIKALAB вафельный со вкусом ""Сливочно ореховый десерт""","батончик chikalab вафельный со вкусом ""сливочно ореховый десерт""",0,0,0,,,,0,0,other_sale,not observed as subscription product,0
AD5BA4BF01266AD411EDD9042A55FF3E,00000001054,"Батончик CHIKALAB вафельный со вкусом ""Сливочно ореховый десерт"" коробка","батончик chikalab вафельный со вкусом ""сливочно ореховый десерт"" коробка",0,0,0,,,,0,0,other_sale,not observed as subscription product,0
AD29A4BF01266AD411EDAEBE5B5DAF40,00000000937,"Батончик CHIKALAB вафельный со вкусом ""Шоколадно ореховый десерт""","батончик chikalab вафельный со вкусом ""шоколадно ореховый десерт""",0,0,0,,,,0,0,other_sale,not observed as subscription product,0
AD5BA4BF01266AD411EDD903A52ED7E1,00000001053,"Батончик CHIKALAB вафельный со вкусом ""Шоколадно ореховый десерт""коробка","батончик chikalab вафельный со вкусом ""шоколадно ореховый десерт""коробка",0,0,0,,,,0,0,other_sale,not observed as subscription product,0
ABA9A4BF01266AD411EBDA490DE69C04,00000000392,Батончик JUST BAR арахисовый десерт,батончик just bar арахисовый десерт,0,0,0,,,,0,0,other_sale,not observed as subscription product,0
ABA9A4BF01266AD411EBDA483EA2CFEC,00000000389,Батончик JUST BAR шоколад с фундуком,батончик just bar шоколад с фундуком,0,0,0,,,,0,0,other_sale,not observed as subscription product,0
ABA9A4BF01266AD411EBDA48726D56E9,00000000390,Батончик JUST BAR шоколадно-арахисовый торт,батончик just bar шоколадно-арахисовый торт,0,0,0,,,,0,0,other_sale,not observed as subscription product,0
ABA9A4BF01266AD411EBDA48BBB257E1,00000000391,Батончик JUST BAR шоколадное мороженное,батончик just bar шоколадное мороженное,0,0,0,,,,0,0,other_sale,not observed as subscription product,0
AACAA4BF01266AD311E9C649CD111EA9,00000000216,Батончик Slimbar виноград и орех,батончик slimbar виноград и орех,0,0,0,,,,0,0,other_sale,not observed as subscription product,0
AD2AA4BF01266AD411EDAF75FF7F04DF,00000000948,батончик SNAQ FABRIO COCO ( PINA COLADA),батончик snaq fabrio coco ( pina colada),0,0,0,,,,0,0,other_sale,not observed as subscription product,0
AD4FA4BF01266AD411EDD447B65BD253,00000001005,батончик SNAQ FABRIO COCO ( PINA COLADA) коробка,батончик snaq fabrio coco ( pina colada) коробка,0,0,0,,,,0,0,other_sale,not observed as subscription product,0
AC3BA4BF01266AD411EC52A1B593E95B,00000000634,батончик SNAQ FABRIO COCO ( TROPIC),батончик snaq fabrio coco ( tropic),0,0,0,,,,0,0,other_sale,not observed as subscription product,0
AD4FA4BF01266AD411EDD447D7C02ECE,00000001006,батончик SNAQ FABRIO COCO ( TROPIC) коробка,батончик snaq fabrio coco ( tropic) коробка,0,0,0,,,,0,0,other_sale,not observed as subscription product,0
AC5BA4BF01266AD411EC9AF7221E5B67,00000000721,батончик SNAQ FABRIO COCO ( КОКОС),батончик snaq fabrio coco ( кокос),0,0,0,,,,0,0,other_sale,not observed as subscription product,0
AD4FA4BF01266AD411EDD44802C5E848,00000001007,батончик SNAQ FABRIO COCO ( КОКОС) коробка,батончик snaq fabrio coco ( кокос) коробка,0,0,0,,,,0,0,other_sale,not observed as subscription product,0
AC8FA4BF01266AD411ED29D05890EBF0,00000000812,батончик SNAQ FABRIO COCO ( КОКОСОВО-МИНДАЛЬНЫЙ ДЕСЕРТ),батончик snaq fabrio coco ( кокосово-миндальный десерт),0,0,0,,,,0,0,other_sale,not observed as subscription product,0
AD4FA4BF01266AD411EDD4483436A3FA,00000001009,батончик SNAQ FABRIO COCO ( КОКОСОВО-МИНДАЛЬНЫЙ ДЕСЕРТ) коробка,батончик snaq fabrio coco ( кокосово-миндальный десерт) коробка,0,0,0,,,,0,0,other_sale,not observed as subscription product,0
AC45A4BF01266AD411EC687386EAE7EB,00000000662,батончик SNAQ FABRIO COCO ( ШОКОЛАД),батончик snaq fabrio coco ( шоколад),0,0,0,,,,0,0,other_sale,not observed as subscription product,0
AD4FA4BF01266AD411EDD4481E5A46A6,00000001008,батончик SNAQ FABRIO COCO ( ШОКОЛАД) коробка,батончик snaq fabrio coco ( шоколад) коробка,0,0,0,,,,0,0,other_sale,not observed as subscription product,0
AEBC000C29D830FD11EED0AB772A573A,00000001307,батончик SNAQ FABRIO MUESLI (банан),батончик snaq fabrio muesli (банан),0,0,0,,,,0,0,other_sale,not observed as subscription product,0
AEBC000C29D830FD11EED0AC73B3CA28,00000001310,батончик SNAQ FABRIO MUESLI (банан) коробка,батончик snaq fabrio muesli (банан) коробка,0,0,0,,,,0,0,other_sale,not observed as subscription product,0
AEFB000C29D830FD11EF009F507AEFDA,00000001343,батончик SNAQ FABRIO MUESLI (клюква),батончик snaq fabrio muesli (клюква),0,0,0,,,,0,0,other_sale,not observed as subscription product,0
AEFB000C29D830FD11EF009FA7A1C388,00000001344,батончик SNAQ FABRIO MUESLI (клюква) коробка,батончик snaq fabrio muesli (клюква) коробка,0,0,0,,,,0,0,other_sale,not observed as subscription product,0
AEBC000C29D830FD11EED0AC23FD9892,00000001308,батончик SNAQ FABRIO MUESLI (кокос),батончик snaq fabrio muesli (кокос),0,0,0,,,,0,0,other_sale,not observed as subscription product,0
AEBC000C29D830FD11EED0AC57C361C6,00000001309,батончик SNAQ FABRIO MUESLI (кокос) коробка,батончик snaq fabrio muesli (кокос) коробка,0,0,0,,,,0,0,other_sale,not observed as subscription product,0
AEFB000C29D830FD11EF009E40D1E12E,00000001341,батончик SNAQ FABRIO MUESLI (черника),батончик snaq fabrio muesli (черника),0,0,0,,,,0,0,other_sale,not observed as subscription product,0
AEFB000C29D830FD11EF009EA2603A4A,00000001342,батончик SNAQ FABRIO MUESLI (черника) коробка,батончик snaq fabrio muesli (черника) коробка,0,0,0,,,,0,0,other_sale,not observed as subscription product,0
AC8FA4BF01266AD411ED29D11CC92195,00000000813,батончик SNAQ FABRIO QWIKLER ( МЯГКИЙ ГРИЛЬЯЖ С АРАХИСОМ),батончик snaq fabrio qwikler ( мягкий грильяж с арахисом),0,0,0,,,,0,0,other_sale,not observed as subscription product,0
AD58A4BF01266AD411EDD79D40D63303,00000001018,батончик SNAQ FABRIO QWIKLER ( МЯГКИЙ ГРИЛЬЯЖ С АРАХИСОМ) КОРОБКА,батончик snaq fabrio qwikler ( мягкий грильяж с арахисом) коробка,0,0,0,,,,0,0,other_sale,not observed as subscription product,0
AD44A4BF01266AD411EDCCA3A4BE2CD4,00000000981,батончик SNAQ FABRIO QWIKLER ( ОРЕХОВОЕ ПРАЛИНЕ),батончик snaq fabrio qwikler ( ореховое пралине),0,0,0,,,,0,0,other_sale,not observed as subscription product,0
AD58A4BF01266AD411EDD79BA8AA1099,00000001016,батончик SNAQ FABRIO QWIKLER ( ОРЕХОВОЕ ПРАЛИНЕ) коробка,батончик snaq fabrio qwikler ( ореховое пралине) коробка,0,0,0,,,,0,0,other_sale,not observed as subscription product,0
AD44A4BF01266AD411EDCCA3C3655AFC,00000000982,батончик SNAQ FABRIO QWIKLER ( ШОКОЛАДНО ОРЕХОВОЕ ПРАЛИНЕ),батончик snaq fabrio qwikler ( шоколадно ореховое пралине),0,0,0,,,,0,0,other_sale,not observed as subscription product,0
AD58A4BF01266AD411EDD79CAA7BEEF4,00000001017,батончик SNAQ FABRIO QWIKLER ( ШОКОЛАДНО ОРЕХОВОЕ ПРАЛИНЕ) коробка,батончик snaq fabrio qwikler ( шоколадно ореховое пралине) коробка,0,0,0,,,,0,0,other_sale,not observed as subscription product,0
AF79000C29D830FD11EF613252348CD1,00000001419,батончик SNAQ FABRIO QWIKLER (Грецкий орех с изюмом и карамелью),батончик snaq fabrio qwikler (грецкий орех с изюмом и карамелью),0,0,0,,,,0,0,other_sale,not observed as subscription product,0
AF79000C29D830FD11EF61326BEDAEBA,00000001420,батончик SNAQ FABRIO QWIKLER (Грецкий орех с изюмом и карамелью) коробка,батончик snaq fabrio qwikler (грецкий орех с изюмом и карамелью) коробка,0,0,0,,,,0,0,other_sale,not observed as subscription product,0
AF79000C29D830FD11EF612F3719D768,00000001414,батончик SNAQ FABRIO QWIKLER (Кокосовый) ,батончик snaq fabrio qwikler (кокосовый),0,0,0,,,,0,0,other_sale,not observed as subscription product,0
AF79000C29D830FD11EF612F65DC03FF,00000001415,батончик SNAQ FABRIO QWIKLER (Кокосовый) коробка,батончик snaq fabrio qwikler (кокосовый) коробка,0,0,0,,,,0,0,other_sale,not observed as subscription product,0
ADD0000C29D830FD11EE200A5CDD2654,00000001136,батончик SNAQ FABRIO QWIKLER (МАРЦИПАНОВЫЙ),батончик snaq fabrio qwikler (марципановый),0,0,0,,,,0,0,other_sale,not observed as subscription product,0
ADD0000C29D830FD11EE200A7EB1889D,00000001137,батончик SNAQ FABRIO QWIKLER (МАРЦИПАНОВЫЙ) КОРОБКА,батончик snaq fabrio qwikler (марципановый) коробка,0,0,0,,,,0,0,other_sale,not observed as subscription product,0
ACE8A4BF01266AD411ED7B8F18257B73,00000000898,батончик SNAQ FABRIO QWIKLER (НУГА С АРАХИСОМ),батончик snaq fabrio qwikler (нуга с арахисом),0,0,0,,,,0,0,other_sale,not observed as subscription product,0
AD58A4BF01266AD411EDD79DDFB64FD6,00000001019,батончик SNAQ FABRIO QWIKLER (НУГА С АРАХИСОМ) коробка,батончик snaq fabrio qwikler (нуга с арахисом) коробка,0,0,0,,,,0,0,other_sale,not observed as subscription product,0
ADD0000C29D830FD11EE200ACAC39195,00000001139,батончик SNAQ FABRIO QWIKLER (ТРЮФЕЛЬНЫЙ) ,батончик snaq fabrio qwikler (трюфельный),0,0,0,,,,0,0,other_sale,not observed as subscription product,0
ADD0000C29D830FD11EE200AAE54B546,00000001138,батончик SNAQ FABRIO QWIKLER (ТРЮФЕЛЬНЫЙ) КОРОБКА,батончик snaq fabrio qwikler (трюфельный) коробка,0,0,0,,,,0,0,other_sale,not observed as subscription product,0
AC5FA4BF01266AD411ECA46571A35CB9,00000000736,батончик SNAQ FABRIO SNAQER ( АРАХИС-КАРАМЕЛЬ),батончик snaq fabrio snaqer ( арахис-карамель),0,0,0,,,,0,0,other_sale,not observed as subscription product,0
AD58A4BF01266AD411EDD798497A6553,00000001014,батончик SNAQ FABRIO SNAQER ( АРАХИС-КАРАМЕЛЬ) коробка,батончик snaq fabrio snaqer ( арахис-карамель) коробка,0,0,0,,,,0,0,other_sale,not observed as subscription product,0
AC5FA4BF01266AD411ECA465957D232F,00000000737,батончик SNAQ FABRIO SNAQER ( ФИСТАШКА-КАРАМЕЛЬ),батончик snaq fabrio snaqer ( фисташка-карамель),0,0,0,,,,0,0,other_sale,not observed as subscription product,0
AD58A4BF01266AD411EDD796F0502E21,00000001012,батончик SNAQ FABRIO SNAQER ( ФИСТАШКА-КАРАМЕЛЬ) (коробка),батончик snaq fabrio snaqer ( фисташка-карамель) (коробка),0,0,0,,,,0,0,other_sale,not observed as subscription product,0
AC72A4BF01266AD411ECD12F4A936F5E,00000000767,батончик SNAQ FABRIO SNAQER ( ФУНДУК-КАРАМЕЛЬ),батончик snaq fabrio snaqer ( фундук-карамель),0,0,0,,,,0,0,other_sale,not observed as subscription product,0
AD58A4BF01266AD411EDD797FB4F1FEC,00000001013,батончик SNAQ FABRIO SNAQER ( ФУНДУК-КАРАМЕЛЬ) коробка,батончик snaq fabrio snaqer ( фундук-карамель) коробка,0,0,0,,,,0,0,other_sale,not observed as subscription product,0
AD29A4BF01266AD411EDAEC0399BB57F,00000000940,Батончик SNAQ well вафельный с молочно ореховой пастой,батончик snaq well вафельный с молочно ореховой пастой,0,0,0,,,,0,0,other_sale,not observed as subscription product,0
AD5BA4BF01266AD411EDD902583A4023,00000001051,Батончик SNAQ well вафельный с молочно ореховой пастой коробка,батончик snaq well вафельный с молочно ореховой пастой коробка,0,0,0,,,,0,0,other_sale,not observed as subscription product,0
AD29A4BF01266AD411EDAEC01143543A,00000000939,Батончик SNAQ well вафельный с шоколадно ореховой пастой,батончик snaq well вафельный с шоколадно ореховой пастой,0,0,0,,,,0,0,other_sale,not observed as subscription product,0
AD5BA4BF01266AD411EDD9030E0CF186,00000001052,Батончик SNAQ well вафельный с шоколадно ореховой пастой коробка,батончик snaq well вафельный с шоколадно ореховой пастой коробка,0,0,0,,,,0,0,other_sale,not observed as subscription product,0
AB1EA4BF01266AD411EB702F2B0BC6B6,00000000354,Батончик Дари Бар Брауни,батончик дари бар брауни,0,0,0,,,,0,0,other_sale,not observed as subscription product,0
AB1EA4BF01266AD411EB702F7FA5EC6D,00000000355,Батончик Дари Бар Клубничный десерт,батончик дари бар клубничный десерт,0,0,0,,,,0,0,other_sale,not observed as subscription product,0
AB1EA4BF01266AD411EB703248D5BAA3,00000000358,Батончик Дари Бар Крем Брюле,батончик дари бар крем брюле,0,0,0,,,,0,0,other_sale,not observed as subscription product,0
AAB2A4BF01266AD311E9804C82AADA70,00000000174,Батончик Дари Бар Персиковый Десерт,батончик дари бар персиковый десерт,0,0,0,,,,0,0,other_sale,not observed as subscription product,0
AB1EA4BF01266AD411EB703160AD35EA,00000000357,Батончик Дари Бар Тирамису,батончик дари бар тирамису,0,0,0,,,,0,0,other_sale,not observed as subscription product,0
AAB2A4BF01266AD311E9804C82AADA71,00000000175,Батончик Дари Бар Фисташковое мороженное,батончик дари бар фисташковое мороженное,0,0,0,,,,0,0,other_sale,not observed as subscription product,0
AD29A4BF01266AD411EDAE948B8A336F,00000000927,Батончик Дари Бар ЭКЗОТИЧЕСКИЙ РАЙ В БЕЛОЙ ГЛАЗУРИ,батончик дари бар экзотический рай в белой глазури,0,0,0,,,,0,0,other_sale,not observed as subscription product,0
AB55A4BF01266AD411EB9B7FCA8A0FFD,00000000368,Батончик Ё/батон Айриш Крим 33%,батончик ё/батон айриш крим 33%,0,0,0,,,,0,0,other_sale,not observed as subscription product,0
AB55A4BF01266AD411EB9B80531D0DE0,00000000369,Батончик Ё/батон Арахис- шоколад 33%,батончик ё/батон арахис- шоколад 33%,0,0,0,,,,0,0,other_sale,not observed as subscription product,0
AC46A4BF01266AD411EC696EA3F65E4D,00000000676,Батончик Ё/батон банан/манго,батончик ё/батон банан/манго,0,0,0,,,,0,0,other_sale,not observed as subscription product,0
AB55A4BF01266AD411EB9B80F0354E07,00000000370,Батончик Ё/батон Бисквит-карамель 33%,батончик ё/батон бисквит-карамель 33%,0,0,0,,,,0,0,other_sale,not observed as subscription product,0
AB55A4BF01266AD411EB9B8144C5ABAE,00000000371,Батончик Ё/батон Брауни 33%,батончик ё/батон брауни 33%,0,0,0,,,,0,0,other_sale,not observed as subscription product,0
AB55A4BF01266AD411EB9B81A1F87C8F,00000000372,Батончик Ё/батон Клубника- йогурт 33%,батончик ё/батон клубника- йогурт 33%,0,0,0,,,,0,0,other_sale,not observed as subscription product,0
AAE1A4BF01266AD411EAE6D1E535C8D4,00000000327,Батончик Ё/батон Кокос,батончик ё/батон кокос,0,0,0,,,,0,0,other_sale,not observed as subscription product,0
AB55A4BF01266AD411EB9B820A7C770A,00000000373,Батончик Ё/батон Кокос 33%,батончик ё/батон кокос 33%,0,0,0,,,,0,0,other_sale,not observed as subscription product,0
AC46A4BF01266AD411EC696E78105A78,00000000675,Батончик Ё/батон кокос/ананас,батончик ё/батон кокос/ананас,0,0,0,,,,0,0,other_sale,not observed as subscription product,0
AAE1A4BF01266AD411EAE6D17CF4A875,00000000326,Батончик Ё/батон Кофе с арахисом,батончик ё/батон кофе с арахисом,0,0,0,,,,0,0,other_sale,not observed as subscription product,0
AAE1A4BF01266AD411EAE6D0B994FA9C,00000000322,Батончик Ё/батон КРАНЧИ БАР клубника,батончик ё/батон кранчи бар клубника,0,0,0,,,,0,0,other_sale,not observed as subscription product,0
AAE1A4BF01266AD411EAE6D110B96F89,00000000323,Батончик Ё/батон КРАНЧИ БАР печенье,батончик ё/батон кранчи бар печенье,0,0,0,,,,0,0,other_sale,not observed as subscription product,0
AAE1A4BF01266AD411EAE6D13AADC945,00000000324,Батончик Ё/батон КРАНЧИ БАР шоколад,батончик ё/батон кранчи бар шоколад,0,0,0,,,,0,0,other_sale,not observed as subscription product,0
AB1EA4BF01266AD411EB703008EE6D99,00000000356,Батончик Ё/батон Лесной Орех с печеньем,батончик ё/батон лесной орех с печеньем,0,0,0,,,,0,0,other_sale,not observed as subscription product,0
AAE1A4BF01266AD411EAE6D15E913665,00000000325,Батончик Ё/батон Лесной орех с Шоколадом,батончик ё/батон лесной орех с шоколадом,0,0,0,,,,0,0,other_sale,not observed as subscription product,0
AC46A4BF01266AD411EC696EBF137B8E,00000000677,Батончик Ё/батон лимонный пирог,батончик ё/батон лимонный пирог,0,0,0,,,,0,0,other_sale,not observed as subscription product,0
AC46A4BF01266AD411EC696E375936C6,00000000674,Батончик Ё/батон миндаль,батончик ё/батон миндаль,0,0,0,,,,0,0,other_sale,not observed as subscription product,0
AAE3A4BF01266AD411EB0E27487213ED,00000000346,Батончик Ё/батон с арахисом со вкусом кокос,батончик ё/батон с арахисом со вкусом кокос,0,0,0,,,,0,0,other_sale,not observed as subscription product,0
AAD4A4BF01266AD311EA65228101E4C0,00000000296,Батончик Ё/батон со вкусом клубники,батончик ё/батон со вкусом клубники,0,0,0,,,,0,0,other_sale,not observed as subscription product,0
AAE1A4BF01266AD411EAE6D2A2E244BB,00000000328,Батончик Ё/батон со вкусом лимонника,батончик ё/батон со вкусом лимонника,0,0,0,,,,0,0,other_sale,not observed as subscription product,0
AAD4A4BF01266AD311EA652262E9C528,00000000295,Батончик Ё/батон со вкусом миндаля,батончик ё/батон со вкусом миндаля,0,0,0,,,,0,0,other_sale,not observed as subscription product,0
AAD4A4BF01266AD311EA6522A2A67D14,00000000298,Батончик Ё/батон со вкусом персика,батончик ё/батон со вкусом персика,0,0,0,,,,0,0,other_sale,not observed as subscription product,0
AAD4A4BF01266AD311EA65223484E094,00000000294,Батончик Ё/батон со вкусом печенья,батончик ё/батон со вкусом печенья,0,0,0,,,,0,0,other_sale,not observed as subscription product,0
ACBBA4BF01266AD411ED4F842577F325,00000000849,Батончик Ё/батон со вкусом черешня  в розовой глазури,батончик ё/батон со вкусом черешня  в розовой глазури,0,0,0,,,,0,0,other_sale,not observed as subscription product,0
AAD4A4BF01266AD311EA6522976615F7,00000000297,Батончик Ё/батон со вкусом шоколада,батончик ё/батон со вкусом шоколада,0,0,0,,,,0,0,other_sale,not observed as subscription product,0
AAB2A4BF01266AD311E9804C82AADA6D,00000000171,Батончик Ути Бути Дынное Мороженное,батончик ути бути дынное мороженное,0,0,0,,,,0,0,other_sale,not observed as subscription product,0
AAB5A4BF01266AD311E99416EE94C606,00000000192,Батончик Ути Бути Кока Кола,батончик ути бути кока кола,0,0,0,,,,0,0,other_sale,not observed as subscription product,0
AAB2A4BF01266AD311E9804C82AADA6E,00000000172,Батончик Ути Бути Лимонный Пирог,батончик ути бути лимонный пирог,0,0,0,,,,0,0,other_sale,not observed as subscription product,0
AAB2A4BF01266AD311E9804C82AADA6C,00000000170,Батончик Ути Бути Фисташковое Безумие,батончик ути бути фисташковое безумие,0,0,0,,,,0,0,other_sale,not observed as subscription product,0
AAB2A4BF01266AD311E9804C82AADA6F,00000000173,Батончик Ути Бути Шарлотка,батончик ути бути шарлотка,0,0,0,,,,0,0,other_sale,not observed as subscription product,0
AAB2A4BF01266AD311E9804C82AADA6B,00000000169,Батончик Фитнес Формула Банан \ Клубника,батончик фитнес формула банан \ клубника,0,0,0,,,,0,0,other_sale,not observed as subscription product,0
AABAA4BF01266AD311E9B2B45751D847,00000000211,Батончик Фитнес Формула Бисквит,батончик фитнес формула бисквит,0,0,0,,,,0,0,other_sale,not observed as subscription product,0
AAB5A4BF01266AD311E9941716722F89,00000000193,Батончик Фитнес Формула Клубника,батончик фитнес формула клубника,0,0,0,,,,0,0,other_sale,not observed as subscription product,0
AAB2A4BF01266AD311E9804C82AADA6A,00000000168,Батончик Фитнес Формула Крем Брюле,батончик фитнес формула крем брюле,0,0,0,,,,0,0,other_sale,not observed as subscription product,0
AAB5A4BF01266AD311E994171CEDC1F3,00000000194,Батончик Фитнес Формула Малина,батончик фитнес формула малина,0,0,0,,,,0,0,other_sale,not observed as subscription product,0
AABAA4BF01266AD311E9B9A7238AF9B4,00000000213,Батончик Фитнес Формула Персик,батончик фитнес формула персик,0,0,0,,,,0,0,other_sale,not observed as subscription product,0
AAB2A4BF01266AD311E9804C82AADA68,00000000166,Батончик Фитнес Формула Фисташковое Мороженное,батончик фитнес формула фисташковое мороженное,0,0,0,,,,0,0,other_sale,not observed as subscription product,0
AAB2A4BF01266AD311E9804C82AADA69,00000000167,Батончик Фитнес Формула Черничный Маффин,батончик фитнес формула черничный маффин,0,0,0,,,,0,0,other_sale,not observed as subscription product,0
AACAA4BF01266AD311E9C6492CF9B3D3,00000000215,Батончик Фитнес Формула Шололад,батончик фитнес формула шололад,0,0,0,,,,0,0,other_sale,not observed as subscription product,0
AAB2A4BF01266AD311E9804C82AADA67,00000000165,Батончик Фитнес Формула Яблочный Штрудель,батончик фитнес формула яблочный штрудель,0,0,0,,,,0,0,other_sale,not observed as subscription product,0
AAB2A4BF01266AD311E9804C82AADA66,00000000164,БАТОНЧИКИ,батончики,0,0,0,,,,0,0,other_sale,not observed as subscription product,0
AC45A4BF01266AD411EC6868916F36E0,00000000660,БАТОНЧИКИ,батончики,0,0,0,,,,0,0,other_sale,not observed as subscription product,0
AAD5A4BF01266AD311EA6D10838B1CF2,00000000299,Батончитк Bombbar Соленая карамель,батончитк bombbar соленая карамель,0,0,0,,,,0,0,other_sale,not observed as subscription product,0
AD36A4BF01266AD411EDC1831CCC1D92,00000000962,"Бахилы п/э 0,017мм ""Эконом"" № 50/кор.4000","бахилы п/э 0,017мм ""эконом"" № 50/кор.4000",0,0,0,,,,0,0,other_sale,not observed as subscription product,0
AEFB000C29D830FD11EF00B59DEEE322,00000001368,Белый шоколад CHIKASPORT с миндалем и кокосовыми чипсами,белый шоколад chikasport с миндалем и кокосовыми чипсами,0,0,0,,,,0,0,other_sale,not observed as subscription product,0
AEFB000C29D830FD11EF00B54935F96B,00000001367,Белый шоколад CHIKASPORT с фундуком и кукурузными чипсами,белый шоколад chikasport с фундуком и кукурузными чипсами,0,0,0,,,,0,0,other_sale,not observed as subscription product,0
AFF5000C29D830FD11EFBD12DA7A7951,00000001530,"БЕРН Арбуз без сахара 0,449","берн арбуз без сахара 0,449",0,0,0,,,,0,0,other_sale,not observed as subscription product,0
AFF5000C29D830FD11EFBD12AA974EDC,00000001528,"БЕРН Оригинальный 0,449","берн оригинальный 0,449",0,0,0,,,,0,0,other_sale,not observed as subscription product,0
B0B7000C29D830FD11F04C475FEA8045,00000001618,"БЕРН Персик без сахара 0,449","берн персик без сахара 0,449",0,0,0,,,,0,0,other_sale,not observed as subscription product,0
AFF5000C29D830FD11EFBD12BA2B136C,00000001529,"БЕРН Яблоко-киви 0,449","берн яблоко-киви 0,449",0,0,0,,,,0,0,other_sale,not observed as subscription product,0
AFF4000C29D830FD11EFBC506F6CFD94,00000001526,"Бисквит ""FitnesShok"" Ананас","бисквит ""fitnesshok"" ананас",0,0,0,,,,0,0,other_sale,not observed as subscription product,0
AFF0000C29D830FD11EFB92F124D103A,00000001516,"Бисквит ""FitnesShok"" Груша ","бисквит ""fitnesshok"" груша",0,0,0,,,,0,0,other_sale,not observed as subscription product,0
AFF0000C29D830FD11EFB92F266D518E,00000001517,"Бисквит ""FitnesShok"" Груша коробка","бисквит ""fitnesshok"" груша коробка",0,0,0,,,,0,0,other_sale,not observed as subscription product,0
AFF0000C29D830FD11EFB92FA4D2D06E,00000001518,"Бисквит ""FitnesShok"" Рэд-велюр","бисквит ""fitnesshok"" рэд-велюр",0,0,0,,,,0,0,other_sale,not observed as subscription product,0
AFF0000C29D830FD11EFB92FB905D3E6,00000001519,"Бисквит ""FitnesShok"" Рэд-велюр коробка","бисквит ""fitnesshok"" рэд-велюр коробка",0,0,0,,,,0,0,other_sale,not observed as subscription product,0
AF8D000C29D830FD11EF710173EB962A,00000001437,"Блинчики ""С пылу с жару"" с вишней (2шт)","блинчики ""с пылу с жару"" с вишней (2шт)",0,0,0,,,,0,0,other_sale,not observed as subscription product,0
AF8D000C29D830FD11EF71017DDE068E,00000001438,"Блинчики ""С пылу с жару"" с курицей (2шт)","блинчики ""с пылу с жару"" с курицей (2шт)",0,0,0,,,,0,0,other_sale,not observed as subscription product,0
AF8D000C29D830FD11EF71012F29382D,00000001436,"Блинчики ""С пылу с жару"" с творогом (2шт)","блинчики ""с пылу с жару"" с творогом (2шт)",0,0,0,,,,0,0,other_sale,not observed as subscription product,0
AC3AA4BF01266AD411EC4F5DFAA5F7C5,00000000492,БОДРОСТЬ,бодрость,0,0,0,,,,0,0,other_sale,not observed as subscription product,0
AC3AA4BF01266AD411EC4F60431A0CBB,00000000504,БОДРЯЩИЙ,бодрящий,0,0,0,,,,0,0,other_sale,not observed as subscription product,0
AABAA4BF01266AD311E9AD1382991FBF,00000000208,Бон Аква Лимон 0.5л,бон аква лимон 0.5л,0,0,0,,,,0,0,other_sale,not observed as subscription product,0
AABAA4BF01266AD311E9AD13B2234C88,00000000210,Бон Аква мята лайм 0.5л,бон аква мята лайм 0.5л,0,0,0,,,,0,0,other_sale,not observed as subscription product,0
AABAA4BF01266AD311E9AD138D1AC57C,00000000209,Бон Аква Яблоко 0.5л,бон аква яблоко 0.5л,0,0,0,,,,0,0,other_sale,not observed as subscription product,0
AC3AA4BF01266AD411EC4F7FE41BC4A3,00000000543,БОН АППЕТИТ,бон аппетит,0,0,0,,,,0,0,other_sale,not observed as subscription product,0
AAB2A4BF01266AD311E980466E91B5FD,00000000149,БонАква 0.5л,бонаква 0.5л,0,0,0,,,,0,0,other_sale,not observed as subscription product,0
AAB2A4BF01266AD311E980466E91B5FE,00000000150,БонАква 1 л,бонаква 1 л,0,0,0,,,,0,0,other_sale,not observed as subscription product,0
AFF0000C29D830FD11EFB92EB71A0BFE,00000001514,"Брауни ""FitnesShok"" Белый шоколад и фисташка","брауни ""fitnesshok"" белый шоколад и фисташка",0,0,0,,,,0,0,other_sale,not observed as subscription product,0
AFF0000C29D830FD11EFB92ECF901D41,00000001515,"Брауни ""FitnesShok"" Белый шоколад и фисташка коробка","брауни ""fitnesshok"" белый шоколад и фисташка коробка",0,0,0,,,,0,0,other_sale,not observed as subscription product,0
AFF4000C29D830FD11EFBC4FA2330446,00000001523,"Брауни ""FitnesShok"" Клубничный","брауни ""fitnesshok"" клубничный",0,0,0,,,,0,0,other_sale,not observed as subscription product,0
AFF4000C29D830FD11EFBC4FE9CC2EC7,00000001524,"Брауни ""FitnesShok"" Кокосовый пирог","брауни ""fitnesshok"" кокосовый пирог",0,0,0,,,,0,0,other_sale,not observed as subscription product,0
AFF0000C29D830FD11EFB92FF9F7601A,00000001520,"Брауни ""FitnesShok"" Манго","брауни ""fitnesshok"" манго",0,0,0,,,,0,0,other_sale,not observed as subscription product,0
AFF0000C29D830FD11EFB93010C93943,00000001521,"Брауни ""FitnesShok"" Манго коробка","брауни ""fitnesshok"" манго коробка",0,0,0,,,,0,0,other_sale,not observed as subscription product,0
AFF4000C29D830FD11EFBC5044E31522,00000001525,"Брауни ""FitnesShok"" Мандарин","брауни ""fitnesshok"" мандарин",0,0,0,,,,0,0,other_sale,not observed as subscription product,0
AFF4000C29D830FD11EFBC4F74B32AB1,00000001522,"Брауни ""FitnesShok"" Персиковый","брауни ""fitnesshok"" персиковый",0,0,0,,,,0,0,other_sale,not observed as subscription product,0
AC91A4BF01266AD411ED2F62BEB04E19,00000000826,Брусника замороженная гр,брусника замороженная гр,0,0,0,,,,0,0,other_sale,not observed as subscription product,0
AD36A4BF01266AD411EDC182FF316852,00000000961,Бытовая химия,бытовая химия,0,0,0,,,,0,0,other_sale,not observed as subscription product,0
AC3BA4BF01266AD411EC529BFD798EF8,00000000630,ваниль порошок,ваниль порошок,0,0,0,,,,0,0,other_sale,not observed as subscription product,0
AD4BA4BF01266AD411EDD2241727D563,00000000996,ВАНИЛЬ СИРОП WTS ГР (без сахара) ,ваниль сироп wts гр (без сахара),0,0,0,,,,0,0,other_sale,not observed as subscription product,0
AC38A4BF01266AD411EC4C4D2B7EFBBC,00000000448,ВАНИЛЬ СИРОП ГР,ваниль сироп гр,0,0,0,,,,0,0,other_sale,not observed as subscription product,0
AC3AA4BF01266AD411EC4F58B8AD656E,00000000471,ВАНИЛЬНЫЙ КАПУЧИНО,ванильный капучино,0,0,0,,,,0,0,other_sale,not observed as subscription product,0
ADE8000C29D830FD11EE31D8C6C6AD48,00000001160,"Вафельный стаканчик Bombbar ""Ванильное"" с пониженной калорийностью","вафельный стаканчик bombbar ""ванильное"" с пониженной калорийностью",0,0,0,,,,0,0,other_sale,not observed as subscription product,0
ADE8000C29D830FD11EE31D93A771AB4,00000001163,"Вафельный стаканчик Bombbar ""Со вкусом крем-брюле"" протеиновое","вафельный стаканчик bombbar ""со вкусом крем-брюле"" протеиновое",0,0,0,,,,0,0,other_sale,not observed as subscription product,0
ADE8000C29D830FD11EE31D902CDC03B,00000001161,"Вафельный стаканчик Bombbar ""Со вкусом фисташки"" с пониженной калорийностью","вафельный стаканчик bombbar ""со вкусом фисташки"" с пониженной калорийностью",0,0,0,,,,0,0,other_sale,not observed as subscription product,0
ADE8000C29D830FD11EE31D9154080A8,00000001162,"Вафельный стаканчик Bombbar ""Шоколадное"" с пониженной калорийностью","вафельный стаканчик bombbar ""шоколадное"" с пониженной калорийностью",0,0,0,,,,0,0,other_sale,not observed as subscription product,0
ADE8000C29D830FD11EE31D88D79A5A0,00000001158,Вафельный стаканчик Bombbar SnaqFabriq (пломбир),вафельный стаканчик bombbar snaqfabriq (пломбир),0,0,0,,,,0,0,other_sale,not observed as subscription product,0
ADE8000C29D830FD11EE31D8A4BCCC26,00000001159,Вафельный стаканчик Bombbar SnaqFabriq (шоколад),вафельный стаканчик bombbar snaqfabriq (шоколад),0,0,0,,,,0,0,other_sale,not observed as subscription product,0
AC36A4BF01266AD411EC49444A7DE801,00000000442,ВЗБИТЫЕ СЛИВКИ ГР,взбитые сливки гр,0,0,0,,,,0,0,other_sale,not observed as subscription product,0
AC91A4BF01266AD411ED2F63C373974F,00000000827,ВИТАМИННЫЙ ПУНШ,витаминный пунш,0,0,0,,,,0,0,other_sale,not observed as subscription product,0
AC3AA4BF01266AD411EC4F763D9F3315,00000000525,ВИШНЯ,вишня,0,0,0,,,,0,0,other_sale,not observed as subscription product,0
AC3AA4BF01266AD411EC4F798AF8C1EB,00000000535,ВИШНЯ ГР,вишня гр,0,0,0,,,,0,0,other_sale,not observed as subscription product,0
ABAEA4BF01266AD411EBDE8473004BF5,00000000398,Вишня замороженная кг,вишня замороженная кг,0,0,0,,,,0,0,other_sale,not observed as subscription product,0
AC38A4BF01266AD411EC4C4F079A7A2D,00000000455,ВИШНЯ СИРОП ГР,вишня сироп гр,0,0,0,,,,0,0,other_sale,not observed as subscription product,0
AC3AA4BF01266AD411EC4F7968821E86,00000000534,ВИШНЯ ФЭНТЕЗИ 200 мл,вишня фэнтези 200 мл,0,0,0,,,,0,0,other_sale,not observed as subscription product,0
AF12000C29D830FD11EF12B9CF3F6049,00000001381,ВИШНЯ ФЭНТЕЗИ 300 мл,вишня фэнтези 300 мл,0,0,0,,,,0,0,other_sale,not observed as subscription product,0
ABAEA4BF01266AD411EBDE83BD8642EB,00000000394,Вишня Фэнтези 500мл,вишня фэнтези 500мл,0,0,0,,,,0,0,other_sale,not observed as subscription product,0
AC51A4BF01266AD411EC83F765836E29,00000000701,ВОДА,вода,0,0,0,,,,0,0,other_sale,not observed as subscription product,0
AC69A4BF01266AD411ECBC981EB8C136,00000000757,"Вода Славмо 1,5 литра","вода славмо 1,5 литра",0,0,0,,,,0,0,other_sale,not observed as subscription product,0
AC3AA4BF01266AD411EC4F82AB3F1D35,00000000552,ВОДА СТАКАН,вода стакан,0,0,0,,,,0,0,other_sale,not observed as subscription product,0
AA9DA4BF01266AD311E8B7358B9573C9,00000000065,Восстановление пластиковой карты,восстановление пластиковой карты,0,0,0,,,,0,0,other_sale,not observed as subscription product,0
AE49000C29D830FD11EE7BB06628E07E,00000001225,Гейнер  SiberianNutrogunz (Двойной шоколад),гейнер  siberiannutrogunz (двойной шоколад),0,0,0,,,,0,0,other_sale,not observed as subscription product,0
ADD8000C29D830FD11EE262D3C59DB67,00000001147,Гейнер  SiberianNutrogunz (Ореховое печенье),гейнер  siberiannutrogunz (ореховое печенье),0,0,0,,,,0,0,other_sale,not observed as subscription product,0
AE3C000C29D830FD11EE7178EE11CF06,00000001219,"Гейнер Bombbar ""Банановый коктейль"" ","гейнер bombbar ""банановый коктейль""",0,0,0,,,,0,0,other_sale,not observed as subscription product,0
AD66A4BF01266AD411EDDF6F9C929DFE,00000001084,"Гейнер Bombbar ""Банановый коктейль"" в банке 1000гр.","гейнер bombbar ""банановый коктейль"" в банке 1000гр.",0,0,0,,,,0,0,other_sale,not observed as subscription product,0
AD66A4BF01266AD411EDDF6C531BE8E3,00000001082,"Гейнер Bombbar ""Банановый коктейль"" в банке 2700гр.","гейнер bombbar ""банановый коктейль"" в банке 2700гр.",0,0,0,,,,0,0,other_sale,not observed as subscription product,0
AD66A4BF01266AD411EDDF6C1DBEB994,00000001081,"Гейнер Bombbar ""Сливочный пломбир""","гейнер bombbar ""сливочный пломбир""",0,0,0,,,,0,0,other_sale,not observed as subscription product,0
AD66A4BF01266AD411EDDF6FD5374AD6,00000001086,"Гейнер Bombbar ""Сливочный пломбир"" в банке 1000 гр.","гейнер bombbar ""сливочный пломбир"" в банке 1000 гр.",0,0,0,,,,0,0,other_sale,not observed as subscription product,0
AE3C000C29D830FD11EE717992E9E028,00000001220,"Гейнер Bombbar ""Тройной шоколад"" ","гейнер bombbar ""тройной шоколад""",0,0,0,,,,0,0,other_sale,not observed as subscription product,0
AD66A4BF01266AD411EDDF6FB87F1A1D,00000001085,"Гейнер Bombbar ""Тройной шоколад"" в банке 1000 гр.","гейнер bombbar ""тройной шоколад"" в банке 1000 гр.",0,0,0,,,,0,0,other_sale,not observed as subscription product,0
AD66A4BF01266AD411EDDF6C7BB47943,00000001083,"Гейнер Bombbar ""Тройной шоколад"" в банке 2700гр.","гейнер bombbar ""тройной шоколад"" в банке 2700гр.",0,0,0,,,,0,0,other_sale,not observed as subscription product,0
AC45A4BF01266AD411EC68899861363B,00000000663,ГЕЙНЕР CYBERMASS\creatine (КЛУБНИКА),гейнер cybermass\creatine (клубника),0,0,0,,,,0,0,other_sale,not observed as subscription product,0
AE18000C29D830FD11EE56ED7C86C9A8,00000001202,Гейнер Mutant ( Тройной шоколад и ванильное морожен),гейнер mutant ( тройной шоколад и ванильное морожен),0,0,0,,,,0,0,other_sale,not observed as subscription product,0
AEF4000C29D830FD11EEFB18792AB385,00000001338,Гейнер Nutriversum  Ltd PurePro GainerPro (банан),гейнер nutriversum  ltd purepro gainerpro (банан),0,0,0,,,,0,0,other_sale,not observed as subscription product,0
AF6E000C29D830FD11EF58B992384AE8,00000001400,Гейнер Nutriversum  Ltd PurePro GainerPro (ваниль),гейнер nutriversum  ltd purepro gainerpro (ваниль),0,0,0,,,,0,0,other_sale,not observed as subscription product,0
AF27000C29D830FD11EF2319990EFCFE,00000001390,Гейнер Nutriversum  Ltd PurePro GainerPro (шоколад),гейнер nutriversum  ltd purepro gainerpro (шоколад),0,0,0,,,,0,0,other_sale,not observed as subscription product,0
AEF4000C29D830FD11EEFB19048C4F0C,00000001339,Гейнер USN HyperBolic Mass (клубничный чизкейк),гейнер usn hyperbolic mass (клубничный чизкейк),0,0,0,,,,0,0,other_sale,not observed as subscription product,0
AC75A4BF01266AD411ECD8203A48D5C4,00000000776,Гейнер высокоуглеводный BSN TRUE-MASS (ВАНИЛЬНОЕ МОРОЖЕНОЕ),гейнер высокоуглеводный bsn true-mass (ванильное мороженое),0,0,0,,,,0,0,other_sale,not observed as subscription product,0
AC51A4BF01266AD411EC843B3F58EE03,00000000711,Гейнер высокоуглеводный BSN TRUE-MASS (КЛУБНИКА),гейнер высокоуглеводный bsn true-mass (клубника),0,0,0,,,,0,0,other_sale,not observed as subscription product,0
AC3AA4BF01266AD411EC50211F343C51,00000000582,Гейнер высокоуглеводный BSN TRUE-MASS (кремовое печенье),гейнер высокоуглеводный bsn true-mass (кремовое печенье),0,0,0,,,,0,0,other_sale,not observed as subscription product,0
AC3EA4BF01266AD411EC56A0087901CB,00000000647,Гейнер высокоуглеводный BSN TRUE-MASS (шоколад),гейнер высокоуглеводный bsn true-mass (шоколад),0,0,0,,,,0,0,other_sale,not observed as subscription product,0
AD5AA4BF01266AD411EDD85C23A421AE,00000001028,Гейнер высокоуглеводный BSN TRUE-MASS (ШОКОЛАД),гейнер высокоуглеводный bsn true-mass (шоколад),0,0,0,,,,0,0,other_sale,not observed as subscription product,0
AC3AA4BF01266AD411EC501FCD653B6A,00000000581,ГЕЙНЕРЫ,гейнеры,0,0,0,,,,0,0,other_sale,not observed as subscription product,0
AAD4A4BF01266AD311EA5D465CFC66A7,00000000289,Гель для душа      ,гель для душа,0,0,0,,,,0,0,other_sale,not observed as subscription product,0
AF9A000C29D830FD11EF7A74AFAF08DF,00000001449,Гель для душа ESTEL гидробаланс 30мл     ,гель для душа estel гидробаланс 30мл,0,0,0,,,,0,0,other_sale,not observed as subscription product,0
AC4EA4BF01266AD411EC7DCDC6FEDC90,00000000696,ГЛИНТВЕЙН СПЕЦИЯ,глинтвейн специя,0,0,0,,,,0,0,other_sale,not observed as subscription product,0
AE79000C29D830FD11EE9E4CD1676C16,00000001263,Годовой абонемент,годовой абонемент,0,0,0,,,,0,0,other_sale,not observed as subscription product,0
AC3AA4BF01266AD411EC4F596F356A2B,00000000473,ГОРЯЧИЙ ШОКОЛАД,горячий шоколад,0,0,0,,,,0,0,other_sale,not observed as subscription product,0
AC3BA4BF01266AD411EC529C0F3A71B5,00000000631,горячий шоколад порошок,горячий шоколад порошок,0,0,0,,,,0,0,other_sale,not observed as subscription product,0
AF8C000C29D830FD11EF7033A2B9E730,00000001435,ГОРЯЧИЙ ШОКОЛАД+батончик SNAQ FABRIO COCO ( ШОКОЛАД),горячий шоколад+батончик snaq fabrio coco ( шоколад),0,0,0,,,,0,0,other_sale,not observed as subscription product,0
AAD4A4BF01266AD311EA63728BB1BD6A,00000000292,График посещений,график посещений,0,0,0,,,,0,0,other_sale,not observed as subscription product,0
AC3AA4BF01266AD411EC4F5A7A496D39,00000000482,ГРЕЙПФРУТ ГР,грейпфрут гр,0,0,0,,,,0,0,other_sale,not observed as subscription product,0
AC3AA4BF01266AD411EC50144E56F9B3,00000000571,ГРЕЙПФРУТОВЫЙ ФРЕШ 200 мл,грейпфрутовый фреш 200 мл,0,0,0,,,,0,0,other_sale,not observed as subscription product,0
AC3AA4BF01266AD411EC50146C5744BE,00000000572,ГРЕЙПФРУТОВЫЙ ФРЕШ 300 мл,грейпфрутовый фреш 300 мл,0,0,0,,,,0,0,other_sale,not observed as subscription product,0
AF13000C29D830FD11EF1353F61CA411,00000001384,Грибной крем-суп,грибной крем-суп,0,0,0,,,,0,0,other_sale,not observed as subscription product,0
AA9EA4BF01266AD311E8D82589232D61,00000000081,Групповые занятия,групповые занятия,0,0,0,,,,0,0,other_sale,not observed as subscription product,0
AC3AA4BF01266AD411EC4F57EF786E38,00000000468,ГРУША ГР,груша гр,0,0,0,,,,0,0,other_sale,not observed as subscription product,0
AC3AA4BF01266AD411EC4F577E4D0893,00000000466,ГРУША ШТ,груша шт,0,0,0,,,,0,0,other_sale,not observed as subscription product,0
AC3AA4BF01266AD411EC4F57E499BFE7,00000000467,ГРУША ШТ,груша шт,0,0,0,,,,0,0,other_sale,not observed as subscription product,0
AADDA4BF01266AD411EAA56AEF423F00,00000000304,Двойное предложение,двойное предложение,0,0,0,,,,0,0,other_sale,not observed as subscription product,0
AC36A4BF01266AD411EC4942B1D40BAD,00000000438,ДВОЙНОЕ ЭСПРЕССО,двойное эспрессо,0,0,0,,,,0,0,other_sale,not observed as subscription product,0
AC3AA4BF01266AD411EC4F5F3573E8EE,00000000502,ДЕТОКС,детокс,0,0,0,,,,0,0,other_sale,not observed as subscription product,0
AC3AA4BF01266AD411EC4F5F2D787111,00000000501,ДЕТОКС КОКТЕЙЛИ,детокс коктейли,0,0,0,,,,0,0,other_sale,not observed as subscription product,0
AC3AA4BF01266AD411EC4F6115FEF391,00000000506,ДЕТОКС СМУЗИ,детокс смузи,0,0,0,,,,0,0,other_sale,not observed as subscription product,0
AF8E000C29D830FD11EF71D1B08E7EAF,00000001439,Детская йога,детская йога,0,0,0,,,,0,0,other_sale,not observed as subscription product,0
AA9DA4BF01266AD311E8B7358B9573CB,00000000067,Детская комната,детская комната,0,0,0,,,,0,0,other_sale,not observed as subscription product,0
AACBA4BF01266AD311EA06148B3E68F2,00000000249,Джампинг,джампинг,0,0,0,,,,0,0,other_sale,not observed as subscription product,0
AAE1A4BF01266AD411EAD244B92544A6,00000000314,Джампинг (для НЕ клиентов клуба),джампинг (для не клиентов клуба),0,0,0,,,,0,0,other_sale,not observed as subscription product,0
AC8FA4BF01266AD411ED2DEA59008B43,00000000823,Джампинг kids,джампинг kids,0,0,0,,,,0,0,other_sale,not observed as subscription product,0
AACBA4BF01266AD311EA0613BA2ADCF3,00000000245,Динамический стретчинг,динамический стретчинг,0,0,0,,,,0,0,other_sale,not observed as subscription product,0
AD11A4BF01266AD411ED9BCE1AA26450,00000000914,Дни для продления (из-за некорректной установки сроков по программе),дни для продления (из-за некорректной установки сроков по программе),0,0,0,,,,0,0,other_sale,not observed as subscription product,0
AD02A4BF01266AD411ED90170E06DBAD,00000000904,Дни(модификатор),дни(модификатор),0,0,0,,,,0,0,other_sale,not observed as subscription product,0
AAA5A4BF01266AD311E91A3D4FBC50D5,00000000118,"Добавление минут, солярий","добавление минут, солярий",0,0,0,,,,0,0,other_sale,not observed as subscription product,0
AAACA4BF01266AD311E93E4664B990AF,00000000136,Добавление посещений,добавление посещений,0,0,0,,,,0,0,other_sale,not observed as subscription product,0
AAD0A4BF01266AD311EA47F3C4204510,00000000274,Добавление посещений аква,добавление посещений аква,0,0,0,,,,0,0,other_sale,not observed as subscription product,0
AAD0A4BF01266AD311EA531849998FED,00000000285,Добавление посещений аква (услуга),добавление посещений аква (услуга),0,0,0,,,,0,0,other_sale,not observed as subscription product,0
AC48A4BF01266AD411EC6EF53FBD8105,00000000680,ДОЛЬКА ЛИМОНА,долька лимона,0,0,0,,,,0,0,other_sale,not observed as subscription product,0
AAA5A4BF01266AD311E92085F5F47ECB,00000000124,Доплата,доплата,0,0,0,,,,0,0,other_sale,not observed as subscription product,0
AAB0A4BF01266AD311E95D1AEDFA4D75,00000000144,Доплата до года,доплата до года,0,0,0,,,,0,0,other_sale,not observed as subscription product,0
AD66A4BF01266AD411EDDF69A00E1E82,00000001079,Драже с арахисом и молочным шоколадом,драже с арахисом и молочным шоколадом,0,0,0,,,,0,0,other_sale,not observed as subscription product,0
AD66A4BF01266AD411EDDF69BD8E8F24,00000001080,Драже с арахисом и молочным шоколадом (коробка),драже с арахисом и молочным шоколадом (коробка),0,0,0,,,,0,0,other_sale,not observed as subscription product,0
AC3AA4BF01266AD411EC4F7685AFC231,00000000527,ДЫНЯ,дыня,0,0,0,,,,0,0,other_sale,not observed as subscription product,0
AA9EA4BF01266AD311E8C6D3BB76390A,00000000070,Женское здоровье+МФР,женское здоровье+мфр,0,0,0,,,,0,0,other_sale,not observed as subscription product,0
AC3AA4BF01266AD411EC4F62883D4510,00000000508,ЗАЩИТА ИММУНИТЕТА,защита иммунитета,0,0,0,,,,0,0,other_sale,not observed as subscription product,0
AA9EA4BF01266AD311E8C6D3BB76390D,00000000072,Здоровая спина,здоровая спина,0,0,0,,,,0,0,other_sale,not observed as subscription product,0
AA9EA4BF01266AD311E8C6D3BB763915,00000000075,Зумба,зумба,0,0,0,,,,0,0,other_sale,not observed as subscription product,0
AC3AA4BF01266AD411EC4F59D9098A84,00000000479,ЗУМБА,зумба,0,0,0,,,,0,0,other_sale,not observed as subscription product,0
AACBA4BF01266AD311EA061236BE243F,00000000238,Зумба комфорт,зумба комфорт,0,0,0,,,,0,0,other_sale,not observed as subscription product,0
AC94A4BF01266AD411ED319BD08630C5,00000000833,ИЗОЛЯТ 6PAK nutrition (СОЛЕНАЯ КАРАМЕЛЬ)  WHEY ISOLATE,изолят 6pak nutrition (соленая карамель)  whey isolate,0,0,0,,,,0,0,other_sale,not observed as subscription product,0
AE35000C29D830FD11EE6C0522FA9CEB,00000001214,"ИЗОЛЯТ BOMBBAR ""ванильно сливочный"" ","изолят bombbar ""ванильно сливочный""",0,0,0,,,,0,0,other_sale,not observed as subscription product,0
AD44A4BF01266AD411EDCCA73694519E,00000000987,"ИЗОЛЯТ BOMBBAR ""ванильно сливочный"" ( в банке 900гр) ","изолят bombbar ""ванильно сливочный"" ( в банке 900гр)",0,0,0,,,,0,0,other_sale,not observed as subscription product,0
AD66A4BF01266AD411EDDF75B02D1AAE,00000001091,"ИЗОЛЯТ BOMBBAR ""Шоколадно сливочный"" ( в банке 900гр) ","изолят bombbar ""шоколадно сливочный"" ( в банке 900гр)",0,0,0,,,,0,0,other_sale,not observed as subscription product,0
AC46A4BF01266AD411EC693FC600927D,00000000672,ИЗОЛЯТ CYBERMASS (КОКОС),изолят cybermass (кокос),0,0,0,,,,0,0,other_sale,not observed as subscription product,0
AC45A4BF01266AD411EC68C8EDAD27EC,00000000667,ИЗОЛЯТ CYBERMASS (МОРОЖЕНОЕ),изолят cybermass (мороженое),0,0,0,,,,0,0,other_sale,not observed as subscription product,0
AC45A4BF01266AD411EC68C924DABCD1,00000000668,ИЗОЛЯТ CYBERMASS WHEY (ШОКОЛАД),изолят cybermass whey (шоколад),0,0,0,,,,0,0,other_sale,not observed as subscription product,0
AC8CA4BF01266AD411ED0F10999BB4B6,00000000801,ИЗОЛЯТ KEVIN LEVRONE ISOPRO (ШОКОЛАД),изолят kevin levrone isopro (шоколад),0,0,0,,,,0,0,other_sale,not observed as subscription product,0
AD0BA4BF01266AD411ED96F79A595939,00000000908,ИЗОЛЯТ KEVIN LEVRONE ISOWHEY(КЛУБНИКА),изолят kevin levrone isowhey(клубника),0,0,0,,,,0,0,other_sale,not observed as subscription product,0
AC3CA4BF01266AD411EC537406D4E7C8,00000000646,ИЗОЛЯТ NUTRIVERSUM ISO PRO (ВИШНЯ-ЙОГУРТ),изолят nutriversum iso pro (вишня-йогурт),0,0,0,,,,0,0,other_sale,not observed as subscription product,0
AC3CA4BF01266AD411EC5373D3493E16,00000000645,ИЗОЛЯТ NUTRIVERSUM ISO PRO (МОЛОЧНЫЙ ШОКОЛАД),изолят nutriversum iso pro (молочный шоколад),0,0,0,,,,0,0,other_sale,not observed as subscription product,0
AD8B000C29D830FD11EDF0BB2B0972BC,00000001104,ИЗОЛЯТ NUTRIVERSUM ISO PRO (ТИРАМИСУ),изолят nutriversum iso pro (тирамису),0,0,0,,,,0,0,other_sale,not observed as subscription product,0
AD14A4BF01266AD411ED9E2F6B4DE816,00000000915,ИЗОЛЯТ Nutriversum ISO PRO(КРЕМОВОЕ ПЕЧЕНЬЕ),изолят nutriversum iso pro(кремовое печенье),0,0,0,,,,0,0,other_sale,not observed as subscription product,0
ADED000C29D830FD11EE35EABD338470,00000001168,Изолят Nutriversum Ltd PurePro (печенье),изолят nutriversum ltd purepro (печенье),0,0,0,,,,0,0,other_sale,not observed as subscription product,0
ACABA4BF01266AD411ED430B31DA19BE,00000000839,ИЗОЛЯТ PRIMEKRAFT(ФИСТАШКОВОЕ-МОРОЖЕННОЕ),изолят primekraft(фисташковое-мороженное),0,0,0,,,,0,0,other_sale,not observed as subscription product,0
AD51A4BF01266AD411EDD51F20D55BE6,00000001010,ИЗОЛЯТ PRIMEKRAFT(ШОКОЛАД),изолят primekraft(шоколад),0,0,0,,,,0,0,other_sale,not observed as subscription product,0
AEC5000C29D830FD11EED7B97AAFC918,00000001317,Изолят Scitec Nutrition (Ваниль-лесные ягоды),изолят scitec nutrition (ваниль-лесные ягоды),0,0,0,,,,0,0,other_sale,not observed as subscription product,0
AD93000C29D830FD11EDF559DE4C5294,00000001107,Изолят Scitec Nutrition (Карамель),изолят scitec nutrition (карамель),0,0,0,,,,0,0,other_sale,not observed as subscription product,0
AF26000C29D830FD11EF223AE7FE8014,00000001389,Изолят Scitec Nutrition (Клубника и белый шоколад),изолят scitec nutrition (клубника и белый шоколад),0,0,0,,,,0,0,other_sale,not observed as subscription product,0
AE2E000C29D830FD11EE669A766EE690,00000001210,Изолят Scitec nutrition (Клубника с белым шоколадом),изолят scitec nutrition (клубника с белым шоколадом),0,0,0,,,,0,0,other_sale,not observed as subscription product,0
AE58000C29D830FD11EE87910BB3DE9E,00000001238,Изолят scitec nutrition (Малина),изолят scitec nutrition (малина),0,0,0,,,,0,0,other_sale,not observed as subscription product,0
AEA6000C29D830FD11EEC1B60AC24228,00000001292,Изолят scitec nutrition (Печенье крем),изолят scitec nutrition (печенье крем),0,0,0,,,,0,0,other_sale,not observed as subscription product,0
ADBC000C29D830FD11EE10185EA1E8E5,00000001127,Изолят Scitec Nutrition (Фисташка),изолят scitec nutrition (фисташка),0,0,0,,,,0,0,other_sale,not observed as subscription product,0
B112000C29D830FD11F08EF58DEC8C73,00000001655,Изолят scitec nutrition (шоколад- лесной орех),изолят scitec nutrition (шоколад- лесной орех),0,0,0,,,,0,0,other_sale,not observed as subscription product,0
AD93000C29D830FD11EDF55A1FB71D91,00000001108,Изолят Scitec Nutrition (Шоколад),изолят scitec nutrition (шоколад),0,0,0,,,,0,0,other_sale,not observed as subscription product,0
AC5DA4BF01266AD411EC9F9696C95135,00000000730,ИЗОЛЯТ SCITEC NUTRITIYON (ШОКОЛАД),изолят scitec nutritiyon (шоколад),0,0,0,,,,0,0,other_sale,not observed as subscription product,0
B12F000C29D830FD11F0A4EB0D951020,00000001674,Изолят Scitec Nutrtion (Клубника),изолят scitec nutrtion (клубника),0,0,0,,,,0,0,other_sale,not observed as subscription product,0
ADC2000C29D830FD11EE14DC9A71342B,00000001130,Изолят сывороточный Mutant Surge (Кокосовый крем),изолят сывороточный mutant surge (кокосовый крем),0,0,0,,,,0,0,other_sale,not observed as subscription product,0
AC36A4BF01266AD411EC4941F692D8CA,00000000434,ИМБИРЬ ГР,имбирь гр,0,0,0,,,,0,0,other_sale,not observed as subscription product,0
AC48A4BF01266AD411EC6EF70347BF5A,00000000681,ИМБИРЬ ПОРЦ,имбирь порц,0,0,0,,,,0,0,other_sale,not observed as subscription product,0
AC3AA4BF01266AD411EC4F5AFF36347C,00000000485,ИММУНОСТИМУЛИРУЮЩИЙ,иммуностимулирующий,0,0,0,,,,0,0,other_sale,not observed as subscription product,0
AADFA4BF01266AD411EAC06846F0FEEA,00000000312,Интервальная тренировка,интервальная тренировка,0,0,0,,,,0,0,other_sale,not observed as subscription product,0
AD64A4BF01266AD411EDDDEA3FF076EE,00000001060,Ирладский Капучино,ирладский капучино,0,0,0,,,,0,0,other_sale,not observed as subscription product,0
AC3AA4BF01266AD411EC4F598E1381B4,00000000476,Ирландский Капучино 200 мл,ирландский капучино 200 мл,0,0,0,,,,0,0,other_sale,not observed as subscription product,0
AA9EA4BF01266AD311E8C6D3BB763920,00000000080,Йога,йога,0,0,0,,,,0,0,other_sale,not observed as subscription product,0
AFA0000C29D830FD11EF7CC90EF4ECA4,00000001458,Йога (персональная тренировка) (группа до 4 человек),йога (персональная тренировка) (группа до 4 человек),0,0,0,,,,0,0,other_sale,not observed as subscription product,0
AFA0000C29D830FD11EF7CC97CE3BA2B,00000001460,Йога (персональная тренировка) 12 пос. (группа до 4 человек),йога (персональная тренировка) 12 пос. (группа до 4 человек),0,0,0,,,,0,0,other_sale,not observed as subscription product,0
AFA0000C29D830FD11EF7CCA04B18BFF,00000001463,Йога (персональная тренировка) 12 пос. VIP (1 человек),йога (персональная тренировка) 12 пос. vip (1 человек),0,0,0,,,,0,0,other_sale,not observed as subscription product,0
AFA0000C29D830FD11EF7CC9554E9ACF,00000001459,Йога (персональная тренировка) 8 пос. (группа до 4 человек),йога (персональная тренировка) 8 пос. (группа до 4 человек),0,0,0,,,,0,0,other_sale,not observed as subscription product,0
AFA0000C29D830FD11EF7CC9E7E09ECC,00000001462,Йога (персональная тренировка) 8 пос. VIP (1 человек),йога (персональная тренировка) 8 пос. vip (1 человек),0,0,0,,,,0,0,other_sale,not observed as subscription product,0
AFA0000C29D830FD11EF7CC9A840CFCD,00000001461,Йога (персональная тренировка) VIP,йога (персональная тренировка) vip,0,0,0,,,,0,0,other_sale,not observed as subscription product,0
AC8FA4BF01266AD411ED2A8C3287D7EB,00000000821,Йога + МФР,йога + мфр,0,0,0,,,,0,0,other_sale,not observed as subscription product,0
AA9EA4BF01266AD311E8D82589232D6F,00000000091,Йога в гамаках(при наличии клубной карты),йога в гамаках(при наличии клубной карты),0,0,0,,,,0,0,other_sale,not observed as subscription product,0
AACBA4BF01266AD311EA06148410034A,00000000248,Йогалатес,йогалатес,0,0,0,,,,0,0,other_sale,not observed as subscription product,0
AC3AA4BF01266AD411EC5013BEDA9EE3,00000000567,ЙОГУРТ 250МЛ,йогурт 250мл,0,0,0,,,,0,0,other_sale,not observed as subscription product,0
AC36A4BF01266AD411EC493AA645EF0E,00000000421,ЙОГУРТ МЛ,йогурт мл,0,0,0,,,,0,0,other_sale,not observed as subscription product,0
AC3AA4BF01266AD411EC4F59626DF68E,00000000472,КАПУЧИНО 200мл,капучино 200мл,0,0,0,,,,0,0,other_sale,not observed as subscription product,0
AD64A4BF01266AD411EDDDEC698E02C6,00000001062,КАПУЧИНО 300 мл,капучино 300 мл,0,0,0,,,,0,0,other_sale,not observed as subscription product,0
ADBA000C29D830FD11EE0E83AAE92493,00000001119,КАПУЧИНО 300 мл + Батончик SNAQ well вафельный с молочно ореховой пастой,капучино 300 мл + батончик snaq well вафельный с молочно ореховой пастой,0,0,0,,,,0,0,other_sale,not observed as subscription product,0
AD64A4BF01266AD411EDDDECB7C0DE5B,00000001063,КАПУЧИНО 400 мл,капучино 400 мл,0,0,0,,,,0,0,other_sale,not observed as subscription product,0
AD4BA4BF01266AD411EDD22439E5ED4C,00000000999,КАРАМЕЛЬ СИРОП WTS ГР (без сахара),карамель сироп wts гр (без сахара),0,0,0,,,,0,0,other_sale,not observed as subscription product,0
AC38A4BF01266AD411EC4C4F196E609B,00000000456,КАРАМЕЛЬ СИРОП ГР,карамель сироп гр,0,0,0,,,,0,0,other_sale,not observed as subscription product,0
AC38A4BF01266AD411EC4C4C29E923D2,00000000447,КАРАМЕЛЬНЫЙ МАКИАТО,карамельный макиато,0,0,0,,,,0,0,other_sale,not observed as subscription product,0
AC3AA4BF01266AD411EC4F5B72DDF0FF,00000000487,КАРИБСКИЙ МИКС,карибский микс,0,0,0,,,,0,0,other_sale,not observed as subscription product,0
AA9EA4BF01266AD311E8C6D3BB76391E,00000000079,Карибский микс,карибский микс,0,0,0,,,,0,0,other_sale,not observed as subscription product,0
AA9EA4BF01266AD311E8D82589232D7A,00000000100,Карта 12 П/Т,карта 12 п/т,0,0,0,,,,0,0,other_sale,not observed as subscription product,0
AA9EA4BF01266AD311E8D82589232D7B,00000000101,Карта 8 П/Т,карта 8 п/т,0,0,0,,,,0,0,other_sale,not observed as subscription product,0
AA9EA4BF01266AD311E8D82589232D79,00000000099,Карта Ультра,карта ультра,0,0,0,,,,0,0,other_sale,not observed as subscription product,0
AFDA000C29D830FD11EFA7E28A93CBBB,00000001490,Каша овсяная на яблочном соке,каша овсяная на яблочном соке,0,0,0,,,,0,0,other_sale,not observed as subscription product,0
AD2CA4BF01266AD411EDB7557637B249,00000000952,"Каша Сливочная карамель и арахис, 220 гр,12 шт/уп","каша сливочная карамель и арахис, 220 гр,12 шт/уп",0,0,0,,,,0,0,other_sale,not observed as subscription product,0
AE0D000C29D830FD11EE4E223B3F8033,00000001180,Кибермасс multi complex protein (клубника),кибермасс multi complex protein (клубника),0,0,0,,,,0,0,other_sale,not observed as subscription product,0
AC3AA4BF01266AD411EC4F5A5C08C0D6,00000000480,КИВИ ГР,киви гр,0,0,0,,,,0,0,other_sale,not observed as subscription product,0
AC3AA4BF01266AD411EC4F65C4028098,00000000510,КИСЛОРОДНЫЕ КОКТЕЙЛИ,кислородные коктейли,0,0,0,,,,0,0,other_sale,not observed as subscription product,0
AD4BA4BF01266AD411EDD2242166B658,00000000997,КЛЕНОВЫЙ СИРОП WTS ГР (без сахара) ,кленовый сироп wts гр (без сахара),0,0,0,,,,0,0,other_sale,not observed as subscription product,0
AC91A4BF01266AD411ED2F67267362E3,00000000829,КЛЕНОВЫЙ СИРОП ГР,кленовый сироп гр,0,0,0,,,,0,0,other_sale,not observed as subscription product,0
AC3AA4BF01266AD411EC4F787BECD30E,00000000529,КЛУБНИКА,клубника,0,0,0,,,,0,0,other_sale,not observed as subscription product,0
AC3AA4BF01266AD411EC4F5EFBEB3371,00000000499,КЛУБНИКА ГР,клубника гр,0,0,0,,,,0,0,other_sale,not observed as subscription product,0
AD4BA4BF01266AD411EDD2257FB28256,00000001003,КЛУБНИКА СИРОП WTS 250 мл (без сахара) ,клубника сироп wts 250 мл (без сахара),0,0,0,,,,0,0,other_sale,not observed as subscription product,0
AD4BA4BF01266AD411EDD2248BA6F801,00000001000,КЛУБНИКА СИРОП WTS ГР (без сахара) ,клубника сироп wts гр (без сахара),0,0,0,,,,0,0,other_sale,not observed as subscription product,0
AC38A4BF01266AD411EC4C4ED0873B39,00000000450,КЛУБНИКА СИРОП ГР,клубника сироп гр,0,0,0,,,,0,0,other_sale,not observed as subscription product,0
AC3AA4BF01266AD411EC4F79320E6250,00000000533,КЛУБНИКА ЭНЕРДЖИ 200 мл,клубника энерджи 200 мл,0,0,0,,,,0,0,other_sale,not observed as subscription product,0
AF12000C29D830FD11EF12BADEC0AB60,00000001382,КЛУБНИКА ЭНЕРДЖИ 300 мл,клубника энерджи 300 мл,0,0,0,,,,0,0,other_sale,not observed as subscription product,0
AC3AA4BF01266AD411EC4F5EF2939AAE,00000000498,КЛЮКВА ГР,клюква гр,0,0,0,,,,0,0,other_sale,not observed as subscription product,0
AD4BA4BF01266AD411EDD22563286C3A,00000001002,КОКОС СИРОП WTS 250 мл (без сахара) ,кокос сироп wts 250 мл (без сахара),0,0,0,,,,0,0,other_sale,not observed as subscription product,0
AD4BA4BF01266AD411EDD22401E187B9,00000000994,КОКОС СИРОП WTS ГР (без сахара) ,кокос сироп wts гр (без сахара),0,0,0,,,,0,0,other_sale,not observed as subscription product,0
AC36A4BF01266AD411EC4945351F6D64,00000000444,КОКОС СИРОП ГР,кокос сироп гр,0,0,0,,,,0,0,other_sale,not observed as subscription product,0
AC36A4BF01266AD411EC49454C63C409,00000000445,КОКОСОВЫЙ АЙС ЛАТТЕ,кокосовый айс латте,0,0,0,,,,0,0,other_sale,not observed as subscription product,0
AC36A4BF01266AD411EC49418A256E34,00000000430,КОКТЕЙЛИ ФРЕШ,коктейли фреш,0,0,0,,,,0,0,other_sale,not observed as subscription product,0
AC3AA4BF01266AD411EC4F5C3BDEC360,00000000490,КОКТЕЙЛИ ФРЕШ С МОРОЖЕНЫМ,коктейли фреш с мороженым,0,0,0,,,,0,0,other_sale,not observed as subscription product,0
AF79000C29D830FD11EF612D618B20F0,00000001413,"Коктейль ""SNAQ FABRIQ"" со вкусом ""Арахис и карамель""","коктейль ""snaq fabriq"" со вкусом ""арахис и карамель""",0,0,0,,,,0,0,other_sale,not observed as subscription product,0
AF79000C29D830FD11EF612D2AFA3284,00000001412,"Коктейль ""SNAQ FABRIQ"" со вкусом ""Кокосово-миндальный десерт""","коктейль ""snaq fabriq"" со вкусом ""кокосово-миндальный десерт""",0,0,0,,,,0,0,other_sale,not observed as subscription product,0
AA9BA4BF01266AD311E8AABC514530AB,00000000005,КОМЕРЧЕСКИЕ КЛАССЫ,комерческие классы,0,0,0,,,,0,0,other_sale,not observed as subscription product,0
AFE6000C29D830FD11EFB152735BE408,00000001500,Коммерческие классы,коммерческие классы,0,0,0,,,,0,0,other_sale,not observed as subscription product,0
AA9BA4BF01266AD311E8AABCC0ED0D79,00000000029,Конверт для подарочного сертификата,конверт для подарочного сертификата,0,0,0,,,,0,0,other_sale,not observed as subscription product,0
ACE0A4BF01266AD411ED753E5BE67DCB,00000000887,"Концентрат напитка ""Апельсин с лемонграссом и клубникой""","концентрат напитка ""апельсин с лемонграссом и клубникой""",0,0,0,,,,0,0,other_sale,not observed as subscription product,0
AD2CA4BF01266AD411EDB755B7CD33F2,00000000953,"Концентрат напитка ""Апельсин с облепиховым жмыхом"",30/уп","концентрат напитка ""апельсин с облепиховым жмыхом"",30/уп",0,0,0,,,,0,0,other_sale,not observed as subscription product,0
AE66000C29D830FD11EE9286CA7771C3,00000001243,"Концентрат напитка ""Клюква с бадьяном и апельсином""","концентрат напитка ""клюква с бадьяном и апельсином""",0,0,0,,,,0,0,other_sale,not observed as subscription product,0
ACE0A4BF01266AD411ED753E6CBD8C9E,00000000888,"Концентрат напитка ""Облепиха с корицей и яблоком""","концентрат напитка ""облепиха с корицей и яблоком""",0,0,0,,,,0,0,other_sale,not observed as subscription product,0
ACE0A4BF01266AD411ED753E3E369492,00000000886,"Концентрат напитка ""Черная смородина с Мелисой""","концентрат напитка ""черная смородина с мелисой""",0,0,0,,,,0,0,other_sale,not observed as subscription product,0
ACEEA4BF01266AD411ED80562EF25A3B,00000000902,"Концентрат напитка ""Яблоко,корица и мед""","концентрат напитка ""яблоко,корица и мед""",0,0,0,,,,0,0,other_sale,not observed as subscription product,0
AC4EA4BF01266AD411EC7DE0CDD441FE,00000000698,КОРИЦА ГР,корица гр,0,0,0,,,,0,0,other_sale,not observed as subscription product,0
AC36A4BF01266AD411EC494351CD0104,00000000441,КОФЕ ГР,кофе гр,0,0,0,,,,0,0,other_sale,not observed as subscription product,0
AC8FA4BF01266AD411ED1D3C050102C0,00000000807,КОФЕ РАСТВОРИМЫЙ,кофе растворимый,0,0,0,,,,0,0,other_sale,not observed as subscription product,0
AC8FA4BF01266AD411ED1D3D77151B58,00000000808,КОФЕ РАСТВОРИМЫЙ ,кофе растворимый,0,0,0,,,,0,0,other_sale,not observed as subscription product,0
AC3AA4BF01266AD411EC4F5998AF61E5,00000000477,КОФЕ С МОЛОКОМ,кофе с молоком,0,0,0,,,,0,0,other_sale,not observed as subscription product,0
AC36A4BF01266AD411EC4942F3EE6FF8,00000000439,КОФЕ\ЧАЙ,кофе\чай,0,0,0,,,,0,0,other_sale,not observed as subscription product,0
AC36A4BF01266AD411EC49427E4D48E6,00000000436,КОФЕЙНЫЕ НАПИТКИ,кофейные напитки,0,0,0,,,,0,0,other_sale,not observed as subscription product,0
AC36A4BF01266AD411EC49428C78047B,00000000437,КОФЕЙНЫЙ СМУЗИ,кофейный смузи,0,0,0,,,,0,0,other_sale,not observed as subscription product,0
ACE0A4BF01266AD411ED753FAFA70C3B,00000000889,"Крафтовый чай ""Апельсин с лемонграссом и клубникой""","крафтовый чай ""апельсин с лемонграссом и клубникой""",0,0,0,,,,0,0,other_sale,not observed as subscription product,0
AD2CA4BF01266AD411EDB7667C18B5E9,00000000955,"Крафтовый чай ""Апельсин с облепиховым жмыхом""","крафтовый чай ""апельсин с облепиховым жмыхом""",0,0,0,,,,0,0,other_sale,not observed as subscription product,0
AE66000C29D830FD11EE9286FC412969,00000001244,"Крафтовый чай ""Клюква с бадьяном и апельсином""","крафтовый чай ""клюква с бадьяном и апельсином""",0,0,0,,,,0,0,other_sale,not observed as subscription product,0
ACE0A4BF01266AD411ED753FD87BCA2F,00000000890,"Крафтовый чай ""Облепиха с корицей и яблоком""","крафтовый чай ""облепиха с корицей и яблоком""",0,0,0,,,,0,0,other_sale,not observed as subscription product,0
ACE0A4BF01266AD411ED753DBF42BD31,00000000885,"Крафтовый чай ""Черная смородина с мелиссой""","крафтовый чай ""черная смородина с мелиссой""",0,0,0,,,,0,0,other_sale,not observed as subscription product,0
ACEEA4BF01266AD411ED80569374E672,00000000903,"Крафтовый чай ""Яблоко,корица и мед""","крафтовый чай ""яблоко,корица и мед""",0,0,0,,,,0,0,other_sale,not observed as subscription product,0
AA9BA4BF01266AD311E8AABCC0ED0D87,00000000043,Крем After Tan,крем after tan,0,0,0,,,,0,0,other_sale,not observed as subscription product,0
AB3CA4BF01266AD411EB87BD0B42CF26,00000000364,Крем BLACK BRONZER,крем black bronzer,0,0,0,,,,0,0,other_sale,not observed as subscription product,0
AABAA4BF01266AD311E9AC654D7D297A,00000000206,Крем BLACK CHOCO,крем black choco,0,0,0,,,,0,0,other_sale,not observed as subscription product,0
AAAAA4BF01266AD311E9238DEF576DC6,00000000133,Крем BLACK CHOCOLATE ,крем black chocolate,0,0,0,,,,0,0,other_sale,not observed as subscription product,0
AABAA4BF01266AD311E9AC653165B191,00000000205,Крем California,крем california,0,0,0,,,,0,0,other_sale,not observed as subscription product,0
AABAA4BF01266AD311E9AC65031642B0,00000000204,Крем Caribbean,крем caribbean,0,0,0,,,,0,0,other_sale,not observed as subscription product,0
AA9BA4BF01266AD311E8AABCC0ED0D7F,00000000035,Крем CHOCOLATE KISS,крем chocolate kiss,0,0,0,,,,0,0,other_sale,not observed as subscription product,0
AAAAA4BF01266AD311E9238DEF576DC5,00000000132,Крем COCONUT KISS,крем coconut kiss,0,0,0,,,,0,0,other_sale,not observed as subscription product,0
AA9BA4BF01266AD311E8AABCC0ED0D84,00000000040,Крем COFFEE DREAM,крем coffee dream,0,0,0,,,,0,0,other_sale,not observed as subscription product,0
AAAAA4BF01266AD311E9238DEF576DC7,00000000134,Крем DARK BRONZER,крем dark bronzer,0,0,0,,,,0,0,other_sale,not observed as subscription product,0
AA9BA4BF01266AD311E8AABCC0ED0D80,00000000036,Крем DARK FLOWER,крем dark flower,0,0,0,,,,0,0,other_sale,not observed as subscription product,0
AAAAA4BF01266AD311E9238DEF576DC2,00000000129,Крем ENDORPHIN,крем endorphin,0,0,0,,,,0,0,other_sale,not observed as subscription product,0
AA9BA4BF01266AD311E8AABCC0ED0D83,00000000039,Крем Enigma,крем enigma,0,0,0,,,,0,0,other_sale,not observed as subscription product,0
AEA3000C29D830FD11EEBF6D4049E193,00000001290,Крем Estel Cool Breeze,крем estel cool breeze,0,0,0,,,,0,0,other_sale,not observed as subscription product,0
AEA3000C29D830FD11EEBF6D17548A31,00000001289,Крем Estel Magic Bronze,крем estel magic bronze,0,0,0,,,,0,0,other_sale,not observed as subscription product,0
AAD0A4BF01266AD311EA41F727434B0E,00000000273,Крем Fitness Fusion,крем fitness fusion,0,0,0,,,,0,0,other_sale,not observed as subscription product,0
AA9BA4BF01266AD311E8AABCC0ED0D89,00000000045,Крем FLAME,крем flame,0,0,0,,,,0,0,other_sale,not observed as subscription product,0
AAAAA4BF01266AD311E9238DEF576DC3,00000000130,Крем GOLD,крем gold,0,0,0,,,,0,0,other_sale,not observed as subscription product,0
AAE1A4BF01266AD411EAD26DC21EF796,00000000321,Крем Hawaii,крем hawaii,0,0,0,,,,0,0,other_sale,not observed as subscription product,0
AA9BA4BF01266AD311E8AABCC0ED0D82,00000000038,Крем HEMP BIANCA,крем hemp bianca,0,0,0,,,,0,0,other_sale,not observed as subscription product,0
AA9BA4BF01266AD311E8AABCC0ED0D81,00000000037,Крем Illusion,крем illusion,0,0,0,,,,0,0,other_sale,not observed as subscription product,0
AA9BA4BF01266AD311E8AABCC0ED0D85,00000000041,Крем Infinity,крем infinity,0,0,0,,,,0,0,other_sale,not observed as subscription product,0
AAE1A4BF01266AD411EAD26D9D6BDC72,00000000319,Крем Jamaica,крем jamaica,0,0,0,,,,0,0,other_sale,not observed as subscription product,0
AAAAA4BF01266AD311E9238DEF576DC1,00000000128,Крем MAGIC HEMP,крем magic hemp,0,0,0,,,,0,0,other_sale,not observed as subscription product,0
AACAA4BF01266AD311E9C57E2D917655,00000000214,Крем MILK CHOCO,крем milk choco,0,0,0,,,,0,0,other_sale,not observed as subscription product,0
AAE2A4BF01266AD411EAFF0FEDFECDFC,00000000344,Крем MIRAGE,крем mirage,0,0,0,,,,0,0,other_sale,not observed as subscription product,0
AAAAA4BF01266AD311E9238DEF576DC0,00000000127,Крем MOROCCO DREAM,крем morocco dream,0,0,0,,,,0,0,other_sale,not observed as subscription product,0
AAD4A4BF01266AD311EA5D45BA5EFC34,00000000288,Крем Pink,крем pink,0,0,0,,,,0,0,other_sale,not observed as subscription product,0
AAAAA4BF01266AD311E9238DEF576DBF,00000000126,Крем PLATINUM,крем platinum,0,0,0,,,,0,0,other_sale,not observed as subscription product,0
AB78A4BF01266AD411EBB700B1F48B09,00000000388,Крем Pure 20X,крем pure 20x,0,0,0,,,,0,0,other_sale,not observed as subscription product,0
AAACA4BF01266AD311E94BBCC76A02EB,00000000141,Крем Pure Hot,крем pure hot,0,0,0,,,,0,0,other_sale,not observed as subscription product,0
AAACA4BF01266AD311E94BBCC76A02EC,00000000142,Крем SEXY LEGS,крем sexy legs,0,0,0,,,,0,0,other_sale,not observed as subscription product,0
AAEEA4BF01266AD411EB43910F52415D,00000000350,Крем Signature,крем signature,0,0,0,,,,0,0,other_sale,not observed as subscription product,0
AAE1A4BF01266AD411EAD26DAF046E86,00000000320,Крем Star,крем star,0,0,0,,,,0,0,other_sale,not observed as subscription product,0
AA9BA4BF01266AD311E8AABCC0ED0D86,00000000042,Крем Sun Face,крем sun face,0,0,0,,,,0,0,other_sale,not observed as subscription product,0
AA9BA4BF01266AD311E8AABCC0ED0D88,00000000044,Крем Sun Lake,крем sun lake,0,0,0,,,,0,0,other_sale,not observed as subscription product,0
AAD0A4BF01266AD311EA41F6A7DCDBA8,00000000272,Крем Sun Vitamin,крем sun vitamin,0,0,0,,,,0,0,other_sale,not observed as subscription product,0
AAAAA4BF01266AD311E9238DEF576DC4,00000000131,Крем SWEET LEGS,крем sweet legs,0,0,0,,,,0,0,other_sale,not observed as subscription product,0
AC70A4BF01266AD411ECCD4230D748DB,00000000765,Крем TOP FACE,крем top face,0,0,0,,,,0,0,other_sale,not observed as subscription product,0
AE0D000C29D830FD11EE4E2127F6D386,00000001179,Круговая тренировка,круговая тренировка,0,0,0,,,,0,0,other_sale,not observed as subscription product,0
B127000C29D830FD11F09EBF1946FE50,00000001666,"Кукурузные палочки протеиновые ""BOMBBAR "" со вкусом Барбекю ","кукурузные палочки протеиновые ""bombbar "" со вкусом барбекю",0,0,0,,,,0,0,other_sale,not observed as subscription product,0
B127000C29D830FD11F09EBF3A28B9F1,00000001667,"Кукурузные палочки протеиновые ""BOMBBAR "" со вкусом Вяленые томаты ","кукурузные палочки протеиновые ""bombbar "" со вкусом вяленые томаты",0,0,0,,,,0,0,other_sale,not observed as subscription product,0
B127000C29D830FD11F09EBF575F331A,00000001668,"Кукурузные палочки протеиновые ""BOMBBAR "" со вкусом Лук и сметана","кукурузные палочки протеиновые ""bombbar "" со вкусом лук и сметана",0,0,0,,,,0,0,other_sale,not observed as subscription product,0
AA9EA4BF01266AD311E8D82589232D80,00000000106,Купон 500 рублей,купон 500 рублей,0,0,0,,,,0,0,other_sale,not observed as subscription product,0
AC3AA4BF01266AD411EC4F5ED4FC39F2,00000000496,КУРКУМА ГР,куркума гр,0,0,0,,,,0,0,other_sale,not observed as subscription product,0
B096000C29D830FD11F0370CA04F76ED,00000001611,Лапша с курицей в соусе Хойсин 300 гр,лапша с курицей в соусе хойсин 300 гр,0,0,0,,,,0,0,other_sale,not observed as subscription product,0
AC3AA4BF01266AD411EC4F598666AE02,00000000475,ЛАТТЕ 300 мл,латте 300 мл,0,0,0,,,,0,0,other_sale,not observed as subscription product,0
AF8B000C29D830FD11EF6F7078B25B0A,00000001434,ЛАТТЕ 300 мл+батончик SNAQ FABRIO QWIKLER ( ШОКОЛАДНО ОРЕХОВОЕ ПРАЛИНЕ),латте 300 мл+батончик snaq fabrio qwikler ( шоколадно ореховое пралине),0,0,0,,,,0,0,other_sale,not observed as subscription product,0
ADBA000C29D830FD11EE0E845B3A66D0,00000001120,ЛАТТЕ 300 мл+Батончик SNAQ well вафельный с шоколадно ореховой пастой,латте 300 мл+батончик snaq well вафельный с шоколадно ореховой пастой,0,0,0,,,,0,0,other_sale,not observed as subscription product,0
AC91A4BF01266AD411ED2F66DD919FED,00000000828,ЛАТТЕ 400 мл,латте 400 мл,0,0,0,,,,0,0,other_sale,not observed as subscription product,0
AD4BA4BF01266AD411EDD2242CA742A5,00000000998,ЛЕСНОЙ ОРЕХ СИРОП WTS ГР (без сахара) ,лесной орех сироп wts гр (без сахара),0,0,0,,,,0,0,other_sale,not observed as subscription product,0
AC7AA4BF01266AD411ECE57247E8DF71,00000000787,ЛЕТНЯЯ СВЕЖЕСТЬ,летняя свежесть,0,0,0,,,,0,0,other_sale,not observed as subscription product,0
AC3AA4BF01266AD411EC4F5A6E457E83,00000000481,ЛИМОН ГР,лимон гр,0,0,0,,,,0,0,other_sale,not observed as subscription product,0
AF9A000C29D830FD11EF7A78E7E35BBE,00000001451,Лимфодренажная тренировка,лимфодренажная тренировка,0,0,0,,,,0,0,other_sale,not observed as subscription product,0
AF66000C29D830FD11EF524079FB18C1,00000001398,МColdblood pump (ДЫНЯ),мcoldblood pump (дыня),0,0,0,,,,0,0,other_sale,not observed as subscription product,0
AC3AA4BF01266AD411EC4F783C8EE457,00000000528,МАЛИНА,малина,0,0,0,,,,0,0,other_sale,not observed as subscription product,0
AC3AA4BF01266AD411EC4F78EB3B0772,00000000530,МАНГО,манго,0,0,0,,,,0,0,other_sale,not observed as subscription product,0
AC38A4BF01266AD411EC4C4EE7DC3EC4,00000000452,МАНГО СИРОП ГР,манго сироп гр,0,0,0,,,,0,0,other_sale,not observed as subscription product,0
AC91A4BF01266AD411ED2F7D60615F53,00000000831,маршмеллоу,маршмеллоу,0,0,0,,,,0,0,other_sale,not observed as subscription product,0
AADDA4BF01266AD411EAA588B748F1E0,00000000305,Маска,маска,0,0,0,,,,0,0,other_sale,not observed as subscription product,0
AAD4A4BF01266AD311EA5D469AAA0977,00000000291,Маска для волос Golden cosmetics,маска для волос golden cosmetics,0,0,0,,,,0,0,other_sale,not observed as subscription product,0
AADDA4BF01266AD411EAA95514182155,00000000309,Маска ФИТНЕС ИМПЕРИЯ,маска фитнес империя,0,0,0,,,,0,0,other_sale,not observed as subscription product,0
AC36A4BF01266AD411EC493ABAEA23C7,00000000422,МЕД ГР,мед гр,0,0,0,,,,0,0,other_sale,not observed as subscription product,0
ABAEA4BF01266AD411EBDE84627A444D,00000000397,Мед кг,мед кг,0,0,0,,,,0,0,other_sale,not observed as subscription product,0
AC3AA4BF01266AD411EC4F84A4DDB119,00000000556,МЕД ПОРЦ,мед порц,0,0,0,,,,0,0,other_sale,not observed as subscription product,0
B152000C29D830FD11F0BFCB944A8385,00000001683,Медленный класс (10 посещений) двойное предложение,медленный класс (10 посещений) двойное предложение,0,0,0,,,,0,0,other_sale,not observed as subscription product,0
B05B000C29D830FD11F00A0A2181C6C0,00000001588,Медленный класс (персональные тренировки),медленный класс (персональные тренировки),0,0,0,,,,0,0,other_sale,not observed as subscription product,0
AA9EA4BF01266AD311E8D82589232D6A,00000000087,Месяц в подарок,месяц в подарок,0,0,0,,,,0,0,other_sale,not observed as subscription product,0
AC8FA4BF01266AD411ED2A8C3C83F637,00000000822,Минус размер,минус размер,0,0,0,,,,0,0,other_sale,not observed as subscription product,0
AC3AA4BF01266AD411EC4F85C5DC2E57,00000000562,МК С ВИШНЕЙ,мк с вишней,0,0,0,,,,0,0,other_sale,not observed as subscription product,0
AC3AA4BF01266AD411EC501324C98AB5,00000000563,МК С КЛУБНИКОЙ,мк с клубникой,0,0,0,,,,0,0,other_sale,not observed as subscription product,0
AD17A4BF01266AD411EDA0746823EEC1,00000000919,МК С СИРОПОМ,мк с сиропом,0,0,0,,,,0,0,other_sale,not observed as subscription product,0
AC3AA4BF01266AD411EC50135C0C712C,00000000564,МК С ЧЕРНОЙ СМОРОДИНОЙ,мк с черной смородиной,0,0,0,,,,0,0,other_sale,not observed as subscription product,0
AA9BA4BF01266AD311E8AABC514530AC,00000000006,Модификаторы,модификаторы,0,0,0,,,,0,0,other_sale,not observed as subscription product,0
AEE8000C29D830FD11EEF1A1872AB379,00000001327,МОККАЧИНО  200мл,моккачино  200мл,0,0,0,,,,0,0,other_sale,not observed as subscription product,0
AE35000C29D830FD11EE6C27CFE414FB,00000001215,МОЛОКО  безлактозное 250МЛ,молоко  безлактозное 250мл,0,0,0,,,,0,0,other_sale,not observed as subscription product,0
AC3AA4BF01266AD411EC5013A82558C8,00000000566,МОЛОКО 250МЛ,молоко 250мл,0,0,0,,,,0,0,other_sale,not observed as subscription product,0
AE35000C29D830FD11EE6C2827EB4E44,00000001216,МОЛОКО безлактозное МЛ,молоко безлактозное мл,0,0,0,,,,0,0,other_sale,not observed as subscription product,0
AC45A4BF01266AD411EC689926DD9645,00000000664,МОЛОКО К КОФЕ,молоко к кофе,0,0,0,,,,0,0,other_sale,not observed as subscription product,0
AC36A4BF01266AD411EC493A8E1326C4,00000000420,МОЛОКО МЛ,молоко мл,0,0,0,,,,0,0,other_sale,not observed as subscription product,0
AC3BA4BF01266AD411EC529C20F3B8DB,00000000632,молоко порошок,молоко порошок,0,0,0,,,,0,0,other_sale,not observed as subscription product,0
AC3AA4BF01266AD411EC50139A14D638,00000000565,МОЛОЧКА,молочка,0,0,0,,,,0,0,other_sale,not observed as subscription product,0
AC3AA4BF01266AD411EC4F65CCB592A8,00000000511,МОЛОЧНО-КИСЛОРОДНЫЕ,молочно-кислородные,0,0,0,,,,0,0,other_sale,not observed as subscription product,0
AC3AA4BF01266AD411EC4F85BB0E181A,00000000561,МОЛОЧНЫЕ КОКТЕЙЛИ,молочные коктейли,0,0,0,,,,0,0,other_sale,not observed as subscription product,0
AC3AA4BF01266AD411EC4F832642BACD,00000000554,МОЛОЧНЫЙ КОКТЕЙЛЬ КЛАССИЧЕСКИЙ,молочный коктейль классический,0,0,0,,,,0,0,other_sale,not observed as subscription product,0
AFD3000C29D830FD11EFA267A2141134,00000001483,Молочный шоколад CHIKASPORT с фундуком,молочный шоколад chikasport с фундуком,0,0,0,,,,0,0,other_sale,not observed as subscription product,0
AEFB000C29D830FD11EF00B3E4E7BD34,00000001364,Молочный шоколад CHIKASPORT со сливочной начинкой ,молочный шоколад chikasport со сливочной начинкой,0,0,0,,,,0,0,other_sale,not observed as subscription product,0
AEFB000C29D830FD11EF00B400DF73F4,00000001365,Молочный шоколад CHIKASPORT со шоколадной начинкой ,молочный шоколад chikasport со шоколадной начинкой,0,0,0,,,,0,0,other_sale,not observed as subscription product,0
AEFB000C29D830FD11EF00B28719D2D9,00000001363,Молочный шоколад SNAQ FABRIO MILKY (с молочно ореховой пастой),молочный шоколад snaq fabrio milky (с молочно ореховой пастой),0,0,0,,,,0,0,other_sale,not observed as subscription product,0
ADD0000C29D830FD11EE200D1B6961E9,00000001141,"Молочный шоколад SNAQ FABRIO MILKY (с молочно ореховой пастой, вафлей и фундуком)в пакете","молочный шоколад snaq fabrio milky (с молочно ореховой пастой, вафлей и фундуком)в пакете",0,0,0,,,,0,0,other_sale,not observed as subscription product,0
AEFB000C29D830FD11EF00B242E570AB,00000001362,Молочный шоколад SNAQ FABRIO MILKY (с шоколадно ореховой пастой),молочный шоколад snaq fabrio milky (с шоколадно ореховой пастой),0,0,0,,,,0,0,other_sale,not observed as subscription product,0
ADD0000C29D830FD11EE200D6602B0CB,00000001142,"Молочный шоколад SNAQ FABRIO MILKY (с шоколадно ореховой пастой, вафлей и фундуком)в пакете","молочный шоколад snaq fabrio milky (с шоколадно ореховой пастой, вафлей и фундуком)в пакете",0,0,0,,,,0,0,other_sale,not observed as subscription product,0
ACD2A4BF01266AD411ED61A41556ECAA,00000000859,Молочный шоколад SNAQ FABRIO MILKY (со сливочной начинкой),молочный шоколад snaq fabrio milky (со сливочной начинкой),0,0,0,,,,0,0,other_sale,not observed as subscription product,0
AD58A4BF01266AD411EDD7A176125239,00000001023,Молочный шоколад SNAQ FABRIO MILKY (со сливочной начинкой) коробка,молочный шоколад snaq fabrio milky (со сливочной начинкой) коробка,0,0,0,,,,0,0,other_sale,not observed as subscription product,0
ADD0000C29D830FD11EE200DA2CFA472,00000001143,Молочный шоколад SNAQ FABRIO MILKY (со сливочной начинкой)в пакете,молочный шоколад snaq fabrio milky (со сливочной начинкой)в пакете,0,0,0,,,,0,0,other_sale,not observed as subscription product,0
AC3AA4BF01266AD411EC50148F2D1682,00000000575,МОРКОВНЫЙ ФРЕШ 200 мл,морковный фреш 200 мл,0,0,0,,,,0,0,other_sale,not observed as subscription product,0
AC3AA4BF01266AD411EC50149779A094,00000000576,МОРКОВНЫЙ ФРЕШ 300 мл,морковный фреш 300 мл,0,0,0,,,,0,0,other_sale,not observed as subscription product,0
AC3AA4BF01266AD411EC4F5EBA64A3BD,00000000494,МОРКОВЬ ГР,морковь гр,0,0,0,,,,0,0,other_sale,not observed as subscription product,0
AC3AA4BF01266AD411EC4F84F3F40152,00000000558,Морож. б\с  (ВАНИЛЬ),морож. б\с  (ваниль),0,0,0,,,,0,0,other_sale,not observed as subscription product,0
AC3AA4BF01266AD411EC4F84FB9E6667,00000000559,Морож. б\с (КЛУБНИКА),морож. б\с (клубника),0,0,0,,,,0,0,other_sale,not observed as subscription product,0
AC3AA4BF01266AD411EC4F850DDB2422,00000000560,Морож. б\с (ШОКОЛАД),морож. б\с (шоколад),0,0,0,,,,0,0,other_sale,not observed as subscription product,0
AC3AA4BF01266AD411EC4F849693E3DB,00000000555,МОРОЖЕНОЕ,мороженое,0,0,0,,,,0,0,other_sale,not observed as subscription product,0
ADE8000C29D830FD11EE31D85CA47838,00000001157,МОРОЖЕНОЕ,мороженое,0,0,0,,,,0,0,other_sale,not observed as subscription product,0
AC36A4BF01266AD411EC49412CBE1DCF,00000000429,МОРОЖЕНОЕ ГР,мороженое гр,0,0,0,,,,0,0,other_sale,not observed as subscription product,0
AE13000C29D830FD11EE52DE6CDD27FA,00000001198,Мороженое молочное протеиновое в бум. стакане Bombbar (Дыня),мороженое молочное протеиновое в бум. стакане bombbar (дыня),0,0,0,,,,0,0,other_sale,not observed as subscription product,0
AE13000C29D830FD11EE52DE29A232F4,00000001197,Мороженое молочное протеиновое в бум. стакане Bombbar (Сол. Карамель),мороженое молочное протеиновое в бум. стакане bombbar (сол. карамель),0,0,0,,,,0,0,other_sale,not observed as subscription product,0
AC3AA4BF01266AD411EC4F84C36F6FC2,00000000557,МОРОЖЕНОЕ ПЛОМБИР,мороженое пломбир,0,0,0,,,,0,0,other_sale,not observed as subscription product,0
AA9EA4BF01266AD311E8D82589232D78,00000000098,Мультикарта,мультикарта,0,0,0,,,,0,0,other_sale,not observed as subscription product,0
ABCBA4BF01266AD411EBF4F3733C1098,00000000401,МФР,мфр,0,0,0,,,,0,0,other_sale,not observed as subscription product,0
AC3AA4BF01266AD411EC4F8001F12415,00000000544,МЮСЛИ,мюсли,0,0,0,,,,0,0,other_sale,not observed as subscription product,0
AC36A4BF01266AD411EC493D2C583C8B,00000000423,МЮСЛИ ГР,мюсли гр,0,0,0,,,,0,0,other_sale,not observed as subscription product,0
AC3AA4BF01266AD411EC4F8024AF2DC7,00000000545,МЮСЛИ С ЙОГУРТОМ,мюсли с йогуртом,0,0,0,,,,0,0,other_sale,not observed as subscription product,0
AC3AA4BF01266AD411EC4F80442D2AC8,00000000546,МЮСЛИ С МОЛОКОМ,мюсли с молоком,0,0,0,,,,0,0,other_sale,not observed as subscription product,0
AC3AA4BF01266AD411EC4F5EDF9CE1B6,00000000497,МЯТА ГР,мята гр,0,0,0,,,,0,0,other_sale,not observed as subscription product,0
AC7AA4BF01266AD411ECE572A840DF27,00000000788,Мята свежая,мята свежая,0,0,0,,,,0,0,other_sale,not observed as subscription product,0
AD4BA4BF01266AD411EDD2240D0EDA50,00000000995,МЯТА СИРОП WTS ГР (без сахара) ,мята сироп wts гр (без сахара),0,0,0,,,,0,0,other_sale,not observed as subscription product,0
AC38A4BF01266AD411EC4C4EDCAC8969,00000000451,МЯТА СИРОП ГР,мята сироп гр,0,0,0,,,,0,0,other_sale,not observed as subscription product,0
AC51A4BF01266AD411EC834283723FF7,00000000700,На удаление,на удаление,0,0,0,,,,0,0,other_sale,not observed as subscription product,0
AAB2A4BF01266AD311E980466E91B5FC,00000000148,НАПИТКИ,напитки,0,0,0,,,,0,0,other_sale,not observed as subscription product,0
AC4EA4BF01266AD411EC7DCDD8735457,00000000697,ОБЛЕПИХА ЯГОДЫ,облепиха ягоды,0,0,0,,,,0,0,other_sale,not observed as subscription product,0
AD2CA4BF01266AD411EDB7554C705176,00000000951,"Овсянка с вишней и спелым гранатом, 220 гр, 12шт/уп","овсянка с вишней и спелым гранатом, 220 гр, 12шт/уп",0,0,0,,,,0,0,other_sale,not observed as subscription product,0
AC3AA4BF01266AD411EC4F5EB35EC4E9,00000000493,ОГУРЕЦ ГР,огурец гр,0,0,0,,,,0,0,other_sale,not observed as subscription product,0
AC3AA4BF01266AD411EC4F637614471D,00000000509,ОМОЛАЖИВАЮЩИЙ,омолаживающий,0,0,0,,,,0,0,other_sale,not observed as subscription product,0
AC38A4BF01266AD411EC4C4EF299814E,00000000453,ОРЕХ СИРОП ГР,орех сироп гр,0,0,0,,,,0,0,other_sale,not observed as subscription product,0
AC91A4BF01266AD411ED2F5A00598669,00000000825,ОСЕННИЕ ВИТАМИНЫ 300 МЛ,осенние витамины 300 мл,0,0,0,,,,0,0,other_sale,not observed as subscription product,0
AC3AA4BF01266AD411EC4F60B219B784,00000000505,ОЧИЩАЮЩИЙ,очищающий,0,0,0,,,,0,0,other_sale,not observed as subscription product,0
ABF0A4BF01266AD411EC0EF77EBF9934,00000000405,Пакет 10 ВИП (персональные тренировки),пакет 10 вип (персональные тренировки),0,0,0,,,,0,0,other_sale,not observed as subscription product,0
ABF0A4BF01266AD411EC0EEF3F599D70,00000000403,Пакет 4 (персональные тренировки),пакет 4 (персональные тренировки),0,0,0,,,,0,0,other_sale,not observed as subscription product,0
AE1C000C29D830FD11EE5A08FA29D31B,00000001205,памиекпе нкеепнр,памиекпе нкеепнр,0,0,0,,,,0,0,other_sale,not observed as subscription product,0
AD29A4BF01266AD411EDAEB8436EAF51,00000000932,"Панкейк SNAQ FABRIQ ""Малиновый джем""","панкейк snaq fabriq ""малиновый джем""",0,0,0,,,,0,0,other_sale,not observed as subscription product,0
AD5BA4BF01266AD411EDD90647A875BB,00000001058,"Панкейк SNAQ FABRIQ ""Малиновый джем"" в коробке","панкейк snaq fabriq ""малиновый джем"" в коробке",0,0,0,,,,0,0,other_sale,not observed as subscription product,0
AD29A4BF01266AD411EDAEB870E8400E,00000000933,"Панкейк SNAQ FABRIQ ""Мягкая карамель""","панкейк snaq fabriq ""мягкая карамель""",0,0,0,,,,0,0,other_sale,not observed as subscription product,0
AD5BA4BF01266AD411EDD905CA8BD9A6,00000001057,"Панкейк SNAQ FABRIQ ""Мягкая карамель"" в коробке","панкейк snaq fabriq ""мягкая карамель"" в коробке",0,0,0,,,,0,0,other_sale,not observed as subscription product,0
AD29A4BF01266AD411EDAEB893D906FB,00000000934,"Панкейк SNAQ FABRIQ ""Нежный шоколад""","панкейк snaq fabriq ""нежный шоколад""",0,0,0,,,,0,0,other_sale,not observed as subscription product,0
ADB6000C29D830FD11EE0B93E9EC5F20,00000001118,"Панкейк SNAQ FABRIQ ""Нежный шоколад"" в коробке","панкейк snaq fabriq ""нежный шоколад"" в коробке",0,0,0,,,,0,0,other_sale,not observed as subscription product,0
AEFB000C29D830FD11EF00A2C258C3F3,00000001349,"Панкейк SNAQ FABRIQ ""Сгущенка вареная""","панкейк snaq fabriq ""сгущенка вареная""",0,0,0,,,,0,0,other_sale,not observed as subscription product,0
AEFB000C29D830FD11EF00A3C06E28A2,00000001350,"Панкейк SNAQ FABRIQ ""Сгущенка вареная"" в коробке","панкейк snaq fabriq ""сгущенка вареная"" в коробке",0,0,0,,,,0,0,other_sale,not observed as subscription product,0
AD66A4BF01266AD411EDDF6056A4AAD7,00000001076,"Паста CHIKALAB ""Соленая карамель с кешью"" 250 гр.","паста chikalab ""соленая карамель с кешью"" 250 гр.",0,0,0,,,,0,0,other_sale,not observed as subscription product,0
AEFB000C29D830FD11EF00A60B4B4438,00000001351,"Паста CHIKALAB ""Шоколадная паста с фундуком"" 250 гр.","паста chikalab ""шоколадная паста с фундуком"" 250 гр.",0,0,0,,,,0,0,other_sale,not observed as subscription product,0
AE68000C29D830FD11EE9436BCDE3295,00000001246,"Паста KETOS ""Арахис, миндальные лепестки,шоколад"" 300 гр.","паста ketos ""арахис, миндальные лепестки,шоколад"" 300 гр.",0,0,0,,,,0,0,other_sale,not observed as subscription product,0
AE68000C29D830FD11EE943691F58DF1,00000001245,"Паста KETOS ""Вишня, лепестки арахиса, шоколад"" 300 гр.","паста ketos ""вишня, лепестки арахиса, шоколад"" 300 гр.",0,0,0,,,,0,0,other_sale,not observed as subscription product,0
AE68000C29D830FD11EE94370609DE37,00000001248,"Паста KETOS ""Кокос,клюква"" 300 гр.","паста ketos ""кокос,клюква"" 300 гр.",0,0,0,,,,0,0,other_sale,not observed as subscription product,0
AE68000C29D830FD11EE9436E376DE1D,00000001247,"Паста KETOS ""Хрустящий арахис"" 300 гр.","паста ketos ""хрустящий арахис"" 300 гр.",0,0,0,,,,0,0,other_sale,not observed as subscription product,0
AEFB000C29D830FD11EF00A815E5CFB7,00000001353,"Паста SNAQ FABRIQ ""MILKY"" молочно-ореховая с вафлей 250 гр.","паста snaq fabriq ""milky"" молочно-ореховая с вафлей 250 гр.",0,0,0,,,,0,0,other_sale,not observed as subscription product,0
AEFB000C29D830FD11EF00A6E5A27F99,00000001352,"Паста SNAQ FABRIQ ""MILKY"" шоколадно-молочная с хрустящими шариками 250 гр.","паста snaq fabriq ""milky"" шоколадно-молочная с хрустящими шариками 250 гр.",0,0,0,,,,0,0,other_sale,not observed as subscription product,0
AFE8000C29D830FD11EFB2EA580FC677,00000001502,Паста с мясным фаршем в соусе Болоньез Главобед 300 гр,паста с мясным фаршем в соусе болоньез главобед 300 гр,0,0,0,,,,0,0,other_sale,not observed as subscription product,0
AABAA4BF01266AD311E9B90042C1B5DE,00000000212,Пауэр Ледяная буря,пауэр ледяная буря,0,0,0,,,,0,0,other_sale,not observed as subscription product,0
AA9BA4BF01266AD311E8AABC514530B3,00000000011,Перевод из клуба в клуб,перевод из клуба в клуб,0,0,0,,,,0,0,other_sale,not observed as subscription product,0
AE2A000C29D830FD11EE634B2C00F628,00000001209,Переоформление бесплатное,переоформление бесплатное,0,0,0,,,,0,0,other_sale,not observed as subscription product,0
AAAFA4BF01266AD311E9545117842DBD,00000000143,Переоформление на мульти,переоформление на мульти,0,0,0,,,,0,0,other_sale,not observed as subscription product,0
AA9BA4BF01266AD311E8AABC514530B4,00000000012,Переоформление платное абонемента на фитнес,переоформление платное абонемента на фитнес,0,0,0,,,,0,0,other_sale,not observed as subscription product,0
B0C4000C29D830FD11F0565735CF55A5,00000001624,Персональная танцевальная тренировка,персональная танцевальная тренировка,0,0,0,,,,0,0,other_sale,not observed as subscription product,0
B08E000C29D830FD11F03239E6061EE0,00000001608,Персональная тренировка VIP,персональная тренировка vip,0,0,0,,,,0,0,other_sale,not observed as subscription product,0
AA9EA4BF01266AD311E8D82589232D64,00000000083,ПЕРСОНАЛЬНЫЕ ТРЕНИРОВКИ,персональные тренировки,0,0,0,,,,0,0,other_sale,not observed as subscription product,0
AA9EA4BF01266AD311E8D82589232D65,00000000084,ПЕРСОНАЛЬНЫЕ ТРЕНИРОВКИ,персональные тренировки,0,0,0,,,,0,0,other_sale,not observed as subscription product,0
AADDA4BF01266AD411EAA950C088C4D7,00000000308,Перчатки,перчатки,0,0,0,,,,0,0,other_sale,not observed as subscription product,0
AC3AA4BF01266AD411EC4F5F0AD24FBA,00000000500,ПЕТРУШКА ГР,петрушка гр,0,0,0,,,,0,0,other_sale,not observed as subscription product,0
AC36A4BF01266AD411EC4938E76739ED,00000000417,ПЕЧЕНЬЕ,печенье,0,0,0,,,,0,0,other_sale,not observed as subscription product,0
B127000C29D830FD11F09EBB18A0A50B,00000001661,"Печенье "" BOMBBAR"" глазированное сливочное 100гр. в пакете","печенье "" bombbar"" глазированное сливочное 100гр. в пакете",0,0,0,,,,0,0,other_sale,not observed as subscription product,0
B02E000C29D830FD11EFE93DC7E2E971,00000001556,"Печенье ""BOMBBAR"" глазированное Брауни классический","печенье ""bombbar"" глазированное брауни классический",0,0,0,,,,0,0,other_sale,not observed as subscription product,0
B02E000C29D830FD11EFE93D63275AEC,00000001554,"Печенье ""BOMBBAR"" глазированное Брауни печенье-крем","печенье ""bombbar"" глазированное брауни печенье-крем",0,0,0,,,,0,0,other_sale,not observed as subscription product,0
B02E000C29D830FD11EFE93DF85A5F8D,00000001557,"Печенье ""BOMBBAR"" глазированное Брауни с фисташкой","печенье ""bombbar"" глазированное брауни с фисташкой",0,0,0,,,,0,0,other_sale,not observed as subscription product,0
B02E000C29D830FD11EFE93D9855FE80,00000001555,"Печенье ""BOMBBAR"" глазированное Брауни с фундуком","печенье ""bombbar"" глазированное брауни с фундуком",0,0,0,,,,0,0,other_sale,not observed as subscription product,0
B0CC000C29D830FD11F05C99BBA68404,00000001639,"Печенье ""BOMBBAR"" глазированное Вишневый брауни","печенье ""bombbar"" глазированное вишневый брауни",0,0,0,,,,0,0,other_sale,not observed as subscription product,0
B053000C29D830FD11F005837415862F,00000001570,"Печенье ""Molly Pie"" банановый пудинг  Ё/батон","печенье ""molly pie"" банановый пудинг  ё/батон",0,0,0,,,,0,0,other_sale,not observed as subscription product,0
B053000C29D830FD11F005827C2A0433,00000001568,"Печенье ""Molly Pie"" вишневый джем Ё/батон","печенье ""molly pie"" вишневый джем ё/батон",0,0,0,,,,0,0,other_sale,not observed as subscription product,0
B053000C29D830FD11F00582AD587FA7,00000001569,"Печенье ""Molly Pie"" шоколадный крем мусс Ё/батон","печенье ""molly pie"" шоколадный крем мусс ё/батон",0,0,0,,,,0,0,other_sale,not observed as subscription product,0
ACD2A4BF01266AD411ED61B1F7CF9040,00000000863,"Печенье ""SNAQ FABRIQ"" (арахисовый десерт с соленой карамелью)","печенье ""snaq fabriq"" (арахисовый десерт с соленой карамелью)",0,0,0,,,,0,0,other_sale,not observed as subscription product,0
AD58A4BF01266AD411EDD7A1164D2E64,00000001022,"Печенье ""SNAQ FABRIQ"" (арахисовый десерт с соленой карамелью) коробка","печенье ""snaq fabriq"" (арахисовый десерт с соленой карамелью) коробка",0,0,0,,,,0,0,other_sale,not observed as subscription product,0
AF79000C29D830FD11EF6129F4359518,00000001409,"Печенье ""SNAQ FABRIQ"" (овсяное с шоколадом)","печенье ""snaq fabriq"" (овсяное с шоколадом)",0,0,0,,,,0,0,other_sale,not observed as subscription product,0
ACD2A4BF01266AD411ED61B258DD7239,00000000864,"Печенье ""SNAQ FABRIQ"" (сливочное с кокосом)","печенье ""snaq fabriq"" (сливочное с кокосом)",0,0,0,,,,0,0,other_sale,not observed as subscription product,0
AD58A4BF01266AD411EDD79F497288F6,00000001020,"Печенье ""SNAQ FABRIQ"" (сливочное с кокосом) коробка","печенье ""snaq fabriq"" (сливочное с кокосом) коробка",0,0,0,,,,0,0,other_sale,not observed as subscription product,0
ACD2A4BF01266AD411ED61B30978BA47,00000000865,"Печенье ""SNAQ FABRIQ"" (шоколадное с фундуком)","печенье ""snaq fabriq"" (шоколадное с фундуком)",0,0,0,,,,0,0,other_sale,not observed as subscription product,0
AD58A4BF01266AD411EDD7A07512FE62,00000001021,"Печенье ""SNAQ FABRIQ"" (шоколадное с фундуком) коробка","печенье ""snaq fabriq"" (шоколадное с фундуком) коробка",0,0,0,,,,0,0,other_sale,not observed as subscription product,0
AEBC000C29D830FD11EED0ADFAD21B54,00000001311,"Печенье ""SNAQ FABRIQ"" глазированное (арахис,изюм,карамель)","печенье ""snaq fabriq"" глазированное (арахис,изюм,карамель)",0,0,0,,,,0,0,other_sale,not observed as subscription product,0
AEBC000C29D830FD11EED0AE19A6FA36,00000001312,"Печенье ""SNAQ FABRIQ"" глазированное (арахис,изюм,карамель) коробка","печенье ""snaq fabriq"" глазированное (арахис,изюм,карамель) коробка",0,0,0,,,,0,0,other_sale,not observed as subscription product,0
AF79000C29D830FD11EF61292F4A5825,00000001407,"Печенье ""SNAQ FABRIQ"" глазированное (вишня карамель)","печенье ""snaq fabriq"" глазированное (вишня карамель)",0,0,0,,,,0,0,other_sale,not observed as subscription product,0
AF79000C29D830FD11EF612998E24965,00000001408,"Печенье ""SNAQ FABRIQ"" глазированное (вишня карамель) коробка","печенье ""snaq fabriq"" глазированное (вишня карамель) коробка",0,0,0,,,,0,0,other_sale,not observed as subscription product,0
B02E000C29D830FD11EFE93E33B90CC2,00000001558,"Печенье ""SNAQ FABRIQ"" глазированное (фисташка и карамель)","печенье ""snaq fabriq"" глазированное (фисташка и карамель)",0,0,0,,,,0,0,other_sale,not observed as subscription product,0
B053000C29D830FD11F0058687C1F2FA,00000001576,"Печенье ""Souffle dessert"" вкус двойной шоколад-смородина Ё/батон","печенье ""souffle dessert"" вкус двойной шоколад-смородина ё/батон",0,0,0,,,,0,0,other_sale,not observed as subscription product,0
B053000C29D830FD11F00586181C3B39,00000001574,"Печенье ""Souffle dessert"" вкус спелая клубника-малина Ё/батон","печенье ""souffle dessert"" вкус спелая клубника-малина ё/батон",0,0,0,,,,0,0,other_sale,not observed as subscription product,0
B053000C29D830FD11F005864EBCA1D3,00000001575,"Печенье ""Souffle dessert"" вкус тропический кокос-банан Ё/батон","печенье ""souffle dessert"" вкус тропический кокос-банан ё/батон",0,0,0,,,,0,0,other_sale,not observed as subscription product,0
B053000C29D830FD11F0058455F2E331,00000001571,"Печенье ""Десерт мусс "" вишня Ё/батон","печенье ""десерт мусс "" вишня ё/батон",0,0,0,,,,0,0,other_sale,not observed as subscription product,0
B053000C29D830FD11F00584B5FF83E2,00000001572,"Печенье ""Десерт мусс "" двойной шоколад Ё/батон","печенье ""десерт мусс "" двойной шоколад ё/батон",0,0,0,,,,0,0,other_sale,not observed as subscription product,0
B053000C29D830FD11F00584E79FFAF3,00000001573,"Печенье ""Десерт мусс "" кокос лимон Ё/батон","печенье ""десерт мусс "" кокос лимон ё/батон",0,0,0,,,,0,0,other_sale,not observed as subscription product,0
B053000C29D830FD11F00581298ED130,00000001565,"Печенье ""Крем брюле"" со вкусом ванили Ё/батон","печенье ""крем брюле"" со вкусом ванили ё/батон",0,0,0,,,,0,0,other_sale,not observed as subscription product,0
B053000C29D830FD11F00581A89934C8,00000001567,"Печенье ""Крем брюле"" со вкусом клубники Ё/батон","печенье ""крем брюле"" со вкусом клубники ё/батон",0,0,0,,,,0,0,other_sale,not observed as subscription product,0
B053000C29D830FD11F005817DDE33C9,00000001566,"Печенье ""Крем брюле"" со вкусом смородины Ё/батон","печенье ""крем брюле"" со вкусом смородины ё/батон",0,0,0,,,,0,0,other_sale,not observed as subscription product,0
AACFA4BF01266AD311EA3C745C802768,00000000271,Печенье BomBar Смородина-Черника 40гр,печенье bombar смородина-черника 40гр,0,0,0,,,,0,0,other_sale,not observed as subscription product,0
AF76000C29D830FD11EF5EE66E46474E,00000001404,Печенье CARAMEL COOKIE с арахисом и изюмом в глазури Е/батон,печенье caramel cookie с арахисом и изюмом в глазури е/батон,0,0,0,,,,0,0,other_sale,not observed as subscription product,0
B053000C29D830FD11F0058045599E6A,00000001564,Печенье CARAMEL COOKIE с рисовыми шариками Е/батон,печенье caramel cookie с рисовыми шариками е/батон,0,0,0,,,,0,0,other_sale,not observed as subscription product,0
AF76000C29D830FD11EF5EE638D9BEDA,00000001403,Печенье CARAMEL COOKIE с семенами подсолнечника в глазури Е/батон,печенье caramel cookie с семенами подсолнечника в глазури е/батон,0,0,0,,,,0,0,other_sale,not observed as subscription product,0
AC8FA4BF01266AD411ED29D4A00D2D24,00000000817,Печенье CHIKAPIE (АРАХИСОВОЕ) ,печенье chikapie (арахисовое),0,0,0,,,,0,0,other_sale,not observed as subscription product,0
AC8FA4BF01266AD411ED29D4F92E532D,00000000818,Печенье CHIKAPIE (КОКОСОВОЕ) ,печенье chikapie (кокосовое),0,0,0,,,,0,0,other_sale,not observed as subscription product,0
AD29A4BF01266AD411EDAE95C67E325C,00000000929,Печенье CREME DESSERT со вкусом апельсина в глазури,печенье creme dessert со вкусом апельсина в глазури,0,0,0,,,,0,0,other_sale,not observed as subscription product,0
AD5AA4BF01266AD411EDD85CC1121446,00000001029,Печенье CREME DESSERT со вкусом апельсина в глазури в коробке,печенье creme dessert со вкусом апельсина в глазури в коробке,0,0,0,,,,0,0,other_sale,not observed as subscription product,0
AD29A4BF01266AD411EDAE959D8BBA24,00000000928,Печенье CREME DESSERT со вкусом фисташки в глазури,печенье creme dessert со вкусом фисташки в глазури,0,0,0,,,,0,0,other_sale,not observed as subscription product,0
AD5AA4BF01266AD411EDD85D6F7833F9,00000001030,Печенье CREME DESSERT со вкусом фисташки в глазури в коробке,печенье creme dessert со вкусом фисташки в глазури в коробке,0,0,0,,,,0,0,other_sale,not observed as subscription product,0
AD40A4BF01266AD411EDC95DF5EB48E6,00000000967,Печенье CREME DESSERT Черная смородина в глазури,печенье creme dessert черная смородина в глазури,0,0,0,,,,0,0,other_sale,not observed as subscription product,0
AD5AA4BF01266AD411EDD85DDB1DB4B4,00000001031,Печенье CREME DESSERT Черная смородина в глазури в коробке,печенье creme dessert черная смородина в глазури в коробке,0,0,0,,,,0,0,other_sale,not observed as subscription product,0
AD40A4BF01266AD411EDC95E58F277C1,00000000968,Печенье CREME DESSERT Шоколадный крем в глазури,печенье creme dessert шоколадный крем в глазури,0,0,0,,,,0,0,other_sale,not observed as subscription product,0
AD5AA4BF01266AD411EDD85EAEEEFE49,00000001032,Печенье CREME DESSERT Шоколадный крем в глазури в коробке,печенье creme dessert шоколадный крем в глазури в коробке,0,0,0,,,,0,0,other_sale,not observed as subscription product,0
AD40A4BF01266AD411EDC960C5C53177,00000000972,Печенье DESSERT Вишня в шоколаде,печенье dessert вишня в шоколаде,0,0,0,,,,0,0,other_sale,not observed as subscription product,0
AD5AA4BF01266AD411EDD86191B0B5D2,00000001033,Печенье DESSERT Вишня в шоколаде в коробке,печенье dessert вишня в шоколаде в коробке,0,0,0,,,,0,0,other_sale,not observed as subscription product,0
AD40A4BF01266AD411EDC960A94DA6E1,00000000971,Печенье DESSERT Двойной шоколад,печенье dessert двойной шоколад,0,0,0,,,,0,0,other_sale,not observed as subscription product,0
AD5DA4BF01266AD411EDD9CC6F02D992,00000001059,Печенье DESSERT Двойной шоколад в коробке,печенье dessert двойной шоколад в коробке,0,0,0,,,,0,0,other_sale,not observed as subscription product,0
AD40A4BF01266AD411EDC9607D8ACD7F,00000000970,Печенье DESSERT Клубника со сливками,печенье dessert клубника со сливками,0,0,0,,,,0,0,other_sale,not observed as subscription product,0
AD5AA4BF01266AD411EDD86219BEDF88,00000001034,Печенье DESSERT Клубника со сливками в коробке,печенье dessert клубника со сливками в коробке,0,0,0,,,,0,0,other_sale,not observed as subscription product,0
AD40A4BF01266AD411EDC9605E398AEC,00000000969,Печенье DESSERT Кокос и цитрус,печенье dessert кокос и цитрус,0,0,0,,,,0,0,other_sale,not observed as subscription product,0
AD5AA4BF01266AD411EDD862ACE44691,00000001035,Печенье DESSERT Кокос и цитрус в коробке,печенье dessert кокос и цитрус в коробке,0,0,0,,,,0,0,other_sale,not observed as subscription product,0
AC5BA4BF01266AD411EC9AF6530FB071,00000000720,печенье FIT KIT (ГРУША-ВАНИЛЬ(,печенье fit kit (груша-ваниль(,0,0,0,,,,0,0,other_sale,not observed as subscription product,0
AC3BA4BF01266AD411EC52A4EFBB7F39,00000000637,Печенье FIT KIT (КЛУБНИКА),печенье fit kit (клубника),0,0,0,,,,0,0,other_sale,not observed as subscription product,0
AC3BA4BF01266AD411EC52A486A89174,00000000635,Печенье FIT KIT (КОКОС),печенье fit kit (кокос),0,0,0,,,,0,0,other_sale,not observed as subscription product,0
AC3BA4BF01266AD411EC52A4C3C5404C,00000000636,Печенье FIT KIT (РОМОВАЯ БАБА),печенье fit kit (ромовая баба),0,0,0,,,,0,0,other_sale,not observed as subscription product,0
AC5BA4BF01266AD411EC9AF611168779,00000000719,печенье FIT KIT EXTRA (КЛУБНИКА),печенье fit kit extra (клубника),0,0,0,,,,0,0,other_sale,not observed as subscription product,0
AAD0A4BF01266AD311EA4CC5B4BFE8FF,00000000278,Печенье FITNESSCOKIE Ореховый микс,печенье fitnesscokie ореховый микс,0,0,0,,,,0,0,other_sale,not observed as subscription product,0
AE6D000C29D830FD11EE9822B6D44A63,00000001259,Печенье FITNESSCOKIE Ореховый микс коробка ,печенье fitnesscokie ореховый микс коробка,0,0,0,,,,0,0,other_sale,not observed as subscription product,0
AAD0A4BF01266AD311EA4CC60D709E18,00000000280,Печенье FITNESSCOKIE Фисташка,печенье fitnesscokie фисташка,0,0,0,,,,0,0,other_sale,not observed as subscription product,0
AAD0A4BF01266AD311EA4CC636276A49,00000000281,Печенье FITNESSCOKIE Шоколад мята,печенье fitnesscokie шоколад мята,0,0,0,,,,0,0,other_sale,not observed as subscription product,0
AE6D000C29D830FD11EE9822ED7AB109,00000001260,Печенье FITNESSCOKIE Шоколад мята коробка,печенье fitnesscokie шоколад мята коробка,0,0,0,,,,0,0,other_sale,not observed as subscription product,0
AAD0A4BF01266AD311EA4CC5E4313149,00000000279,Печенье FITNESSCOKIE Ягодный  микс,печенье fitnesscokie ягодный  микс,0,0,0,,,,0,0,other_sale,not observed as subscription product,0
AAD0A4BF01266AD311EA4CBA30C0886B,00000000277,Печенье FitnessCookie BomBar Шоколад-мята 40 гр,печенье fitnesscookie bombar шоколад-мята 40 гр,0,0,0,,,,0,0,other_sale,not observed as subscription product,0
AC3BA4BF01266AD411EC52A555BBD2A1,00000000638,Печенье FITNESSHOCK DESSERT (МАЛИНОВЫЙ ЧИЗКЕЙК),печенье fitnesshock dessert (малиновый чизкейк),0,0,0,,,,0,0,other_sale,not observed as subscription product,0
AC3BA4BF01266AD411EC52A5A15143F6,00000000639,Печенье FITNESSHOCK NUTS (ПЕКАН-КЛЕНОВЫЙ СИРОП),печенье fitnesshock nuts (пекан-кленовый сироп),0,0,0,,,,0,0,other_sale,not observed as subscription product,0
AE11000C29D830FD11EE5174E1B90460,00000001187,Печенье Jamy Pie с суфле Абрикос,печенье jamy pie с суфле абрикос,0,0,0,,,,0,0,other_sale,not observed as subscription product,0
AE11000C29D830FD11EE5174FDC67146,00000001188,Печенье Jamy Pie с суфле Абрикос коробка,печенье jamy pie с суфле абрикос коробка,0,0,0,,,,0,0,other_sale,not observed as subscription product,0
AC4AA4BF01266AD411EC7447D2B26D1C,00000000684,Печенье Jamy Pie с суфле Апельсин,печенье jamy pie с суфле апельсин,0,0,0,,,,0,0,other_sale,not observed as subscription product,0
ADC4000C29D830FD11EE165B3F9D735D,00000001132,Печенье Jamy Pie с суфле Апельсин коробка,печенье jamy pie с суфле апельсин коробка,0,0,0,,,,0,0,other_sale,not observed as subscription product,0
AF76000C29D830FD11EF5EE53ECFFFD8,00000001402,Печенье Jamy Pie с суфле банан ,печенье jamy pie с суфле банан,0,0,0,,,,0,0,other_sale,not observed as subscription product,0
AF76000C29D830FD11EF5EF0E509D76E,00000001406,Печенье Jamy Pie с суфле Банан коробка,печенье jamy pie с суфле банан коробка,0,0,0,,,,0,0,other_sale,not observed as subscription product,0
AC38A4BF01266AD411EC4C54D78DD8F4,00000000465,Печенье Jamy Pie с суфле Вишня,печенье jamy pie с суфле вишня,0,0,0,,,,0,0,other_sale,not observed as subscription product,0
ADC4000C29D830FD11EE165B31F15202,00000001131,Печенье Jamy Pie с суфле Вишня коробка,печенье jamy pie с суфле вишня коробка,0,0,0,,,,0,0,other_sale,not observed as subscription product,0
AF76000C29D830FD11EF5EE465972A15,00000001401,Печенье Jamy Pie с суфле лимон ,печенье jamy pie с суфле лимон,0,0,0,,,,0,0,other_sale,not observed as subscription product,0
AF76000C29D830FD11EF5EF068D64FF6,00000001405,Печенье Jamy Pie с суфле Лимон коробка,печенье jamy pie с суфле лимон коробка,0,0,0,,,,0,0,other_sale,not observed as subscription product,0
AEB5000C29D830FD11EECB2770AD796D,00000001297,Печенье Jamy Pie с суфле Малина,печенье jamy pie с суфле малина,0,0,0,,,,0,0,other_sale,not observed as subscription product,0
AC46A4BF01266AD411EC696AACA588EE,00000000673,Печенье Jamy Pie с суфле шоколадный крем,печенье jamy pie с суфле шоколадный крем,0,0,0,,,,0,0,other_sale,not observed as subscription product,0
AE11000C29D830FD11EE51743EEFC79C,00000001186,Печенье Jamy Pie с суфле шоколадный крем коробка,печенье jamy pie с суфле шоколадный крем коробка,0,0,0,,,,0,0,other_sale,not observed as subscription product,0
ACDAA4BF01266AD411ED707D739ADBEE,00000000882,Печенье Protein Cake со вкусом ванильного мороженого,печенье protein cake со вкусом ванильного мороженого,0,0,0,,,,0,0,other_sale,not observed as subscription product,0
ACDAA4BF01266AD411ED707D5179BC3A,00000000881,Печенье Protein Cake со вкусом вишни,печенье protein cake со вкусом вишни,0,0,0,,,,0,0,other_sale,not observed as subscription product,0
ACDAA4BF01266AD411ED707D178CDA6B,00000000880,Печенье Protein Cake со вкусом шоколада,печенье protein cake со вкусом шоколада,0,0,0,,,,0,0,other_sale,not observed as subscription product,0
AE11000C29D830FD11EE5176373F86AC,00000001191,Печенье PROTEIN DESSERT двойной шоколад,печенье protein dessert двойной шоколад,0,0,0,,,,0,0,other_sale,not observed as subscription product,0
AE11000C29D830FD11EE51764E6EDC15,00000001192,Печенье PROTEIN DESSERT двойной шоколад коробка,печенье protein dessert двойной шоколад коробка,0,0,0,,,,0,0,other_sale,not observed as subscription product,0
AE11000C29D830FD11EE5175E19D3946,00000001189,Печенье PROTEIN DESSERT со вкусом вишни,печенье protein dessert со вкусом вишни,0,0,0,,,,0,0,other_sale,not observed as subscription product,0
AE11000C29D830FD11EE5176052C4009,00000001190,Печенье PROTEIN DESSERT со вкусом вишни коробка,печенье protein dessert со вкусом вишни коробка,0,0,0,,,,0,0,other_sale,not observed as subscription product,0
AE11000C29D830FD11EE51766C104AAB,00000001193,Печенье PROTEIN DESSERT со вкусом манго,печенье protein dessert со вкусом манго,0,0,0,,,,0,0,other_sale,not observed as subscription product,0
AE11000C29D830FD11EE517686A976DD,00000001194,Печенье PROTEIN DESSERT со вкусом манго коробка,печенье protein dessert со вкусом манго коробка,0,0,0,,,,0,0,other_sale,not observed as subscription product,0
AACCA4BF01266AD311EA11E67A117AE9,00000000263,Печенье ProteinCookie BomBar Апельсин+Имбирь 40гр,печенье proteincookie bombar апельсин+имбирь 40гр,0,0,0,,,,0,0,other_sale,not observed as subscription product,0
AACBA4BF01266AD311E9EB76A0731D3E,00000000226,Печенье ProteinCookie BomBar Вишня 40 гр,печенье proteincookie bombar вишня 40 гр,0,0,0,,,,0,0,other_sale,not observed as subscription product,0
AACAA4BF01266AD311E9EB2682CC81F0,00000000221,Печенье ProteinCookie BomBar Клубника 60 г,печенье proteincookie bombar клубника 60 г,0,0,0,,,,0,0,other_sale,not observed as subscription product,0
AACAA4BF01266AD311E9EB2660A26390,00000000220,Печенье ProteinCookie BomBar Кокос 40 гр,печенье proteincookie bombar кокос 40 гр,0,0,0,,,,0,0,other_sale,not observed as subscription product,0
AACBA4BF01266AD311E9FBDB526D8B06,00000000232,Печенье ProteinCookie BomBar Лимон 60гр,печенье proteincookie bombar лимон 60гр,0,0,0,,,,0,0,other_sale,not observed as subscription product,0
AACCA4BF01266AD311EA11E695A5CD6B,00000000264,Печенье ProteinCookie BomBar Смородина-Черника 60гр,печенье proteincookie bombar смородина-черника 60гр,0,0,0,,,,0,0,other_sale,not observed as subscription product,0
AACBA4BF01266AD311E9F4CAA6D47453,00000000230,Печенье ProteinCookie BomBar Творож. пирог 60 г,печенье proteincookie bombar творож. пирог 60 г,0,0,0,,,,0,0,other_sale,not observed as subscription product,0
AACBA4BF01266AD311E9FBDB6BE6FBB8,00000000233,Печенье ProteinCookie BomBar Фисташка 40гр,печенье proteincookie bombar фисташка 40гр,0,0,0,,,,0,0,other_sale,not observed as subscription product,0
AACBA4BF01266AD311E9F4CAF4A66F28,00000000231,Печенье ProteinCookie BomBar Черника 40 г,печенье proteincookie bombar черника 40 г,0,0,0,,,,0,0,other_sale,not observed as subscription product,0
AACCA4BF01266AD311EA11E656D52369,00000000262,Печенье ProteinCookie BomBar Шоколад 60 гр,печенье proteincookie bombar шоколад 60 гр,0,0,0,,,,0,0,other_sale,not observed as subscription product,0
AACAA4BF01266AD311E9EB2716751BD8,00000000222,Печенье ProteinCookie BomBar Шоколадный брауни 40гр,печенье proteincookie bombar шоколадный брауни 40гр,0,0,0,,,,0,0,other_sale,not observed as subscription product,0
AAE1A4BF01266AD411EAE6D344C3D21F,00000000329,Печенье Ё/батон Ваниль,печенье ё/батон ваниль,0,0,0,,,,0,0,other_sale,not observed as subscription product,0
AAE1A4BF01266AD411EAE6D3BD152EBB,00000000332,Печенье Ё/батон Клубника,печенье ё/батон клубника,0,0,0,,,,0,0,other_sale,not observed as subscription product,0
AAE1A4BF01266AD411EAE6D37A4E13B3,00000000330,Печенье Ё/батон Кокос,печенье ё/батон кокос,0,0,0,,,,0,0,other_sale,not observed as subscription product,0
AAE1A4BF01266AD411EAE6D41D43C23A,00000000334,Печенье Ё/батон Фисташка,печенье ё/батон фисташка,0,0,0,,,,0,0,other_sale,not observed as subscription product,0
AAE1A4BF01266AD411EAE6D396313370,00000000331,Печенье Ё/батон Шоколад,печенье ё/батон шоколад,0,0,0,,,,0,0,other_sale,not observed as subscription product,0
AAE1A4BF01266AD411EAE6D3FC32CA17,00000000333,Печенье Ё/батон Яблоко,печенье ё/батон яблоко,0,0,0,,,,0,0,other_sale,not observed as subscription product,0
AC3AA4BF01266AD411EC501DC45DD64C,00000000577,Печенье неглазированное  FITNESSHOCK манго-рис,печенье неглазированное  fitnesshock манго-рис,0,0,0,,,,0,0,other_sale,not observed as subscription product,0
B059000C29D830FD11F0097C3D1D28AF,00000001583,"Печенье неглазированное Bombbar со вкусом ""Красный бархат""","печенье неглазированное bombbar со вкусом ""красный бархат""",0,0,0,,,,0,0,other_sale,not observed as subscription product,0
B059000C29D830FD11F0097BFEF61DE4,00000001581,"Печенье неглазированное Bombbar со вкусом ""Малиновый чизкейк""","печенье неглазированное bombbar со вкусом ""малиновый чизкейк""",0,0,0,,,,0,0,other_sale,not observed as subscription product,0
B059000C29D830FD11F0097C24309E17,00000001582,"Печенье неглазированное Bombbar со вкусом ""Печенье-крем""","печенье неглазированное bombbar со вкусом ""печенье-крем""",0,0,0,,,,0,0,other_sale,not observed as subscription product,0
AC3AA4BF01266AD411EC501F6B098230,00000000579,Печенье неглазированное FITNESSHOCK клубника-кукуруза,печенье неглазированное fitnesshock клубника-кукуруза,0,0,0,,,,0,0,other_sale,not observed as subscription product,0
AC3AA4BF01266AD411EC501F254D2D4C,00000000578,Печенье неглазированное FITNESSHOCK кокос-гречка,печенье неглазированное fitnesshock кокос-гречка,0,0,0,,,,0,0,other_sale,not observed as subscription product,0
AAE1A4BF01266AD411EAE6D4482D0066,00000000335,Печенье с суфле Ё/батон Арахис,печенье с суфле ё/батон арахис,0,0,0,,,,0,0,other_sale,not observed as subscription product,0
AD5BA4BF01266AD411EDD8FE1ACA35E8,00000001043,Печенье с суфле Ё/батон Арахис коробка,печенье с суфле ё/батон арахис коробка,0,0,0,,,,0,0,other_sale,not observed as subscription product,0
AB55A4BF01266AD411EB9B82D46E0D28,00000000374,Печенье с суфле Ё/батон Банан - манго,печенье с суфле ё/батон банан - манго,0,0,0,,,,0,0,other_sale,not observed as subscription product,0
AD5BA4BF01266AD411EDD8FEEFA5B4D0,00000001044,Печенье с суфле Ё/батон Банан - манго коробка,печенье с суфле ё/батон банан - манго коробка,0,0,0,,,,0,0,other_sale,not observed as subscription product,0
AFC3000C29D830FD11EF95C179605214,00000001470,Печенье с суфле Ё/батон Имбирь лимон,печенье с суфле ё/батон имбирь лимон,0,0,0,,,,0,0,other_sale,not observed as subscription product,0
AFC3000C29D830FD11EF95C1A63279B4,00000001471,Печенье с суфле Ё/батон Имбирь лимон коробка,печенье с суфле ё/батон имбирь лимон коробка,0,0,0,,,,0,0,other_sale,not observed as subscription product,0
AAE1A4BF01266AD411EAE6D482AB2C49,00000000336,Печенье с суфле Ё/батон Клубника,печенье с суфле ё/батон клубника,0,0,0,,,,0,0,other_sale,not observed as subscription product,0
AD5BA4BF01266AD411EDD90132607C38,00000001050,Печенье с суфле Ё/батон Клубника коробка,печенье с суфле ё/батон клубника коробка,0,0,0,,,,0,0,other_sale,not observed as subscription product,0
AAE1A4BF01266AD411EAE6D49C00FCFA,00000000337,Печенье с суфле Ё/батон Кокос,печенье с суфле ё/батон кокос,0,0,0,,,,0,0,other_sale,not observed as subscription product,0
AD5BA4BF01266AD411EDD9002573DA2B,00000001047,Печенье с суфле Ё/батон Кокос коробка,печенье с суфле ё/батон кокос коробка,0,0,0,,,,0,0,other_sale,not observed as subscription product,0
AD40A4BF01266AD411EDC95CB7270560,00000000966,Печенье с суфле Ё/батон Лимон лайм,печенье с суфле ё/батон лимон лайм,0,0,0,,,,0,0,other_sale,not observed as subscription product,0
AD5BA4BF01266AD411EDD8FF61EA39D0,00000001045,Печенье с суфле Ё/батон Лимон лайм коробка,печенье с суфле ё/батон лимон лайм коробка,0,0,0,,,,0,0,other_sale,not observed as subscription product,0
AFC3000C29D830FD11EF95C1ECC118F5,00000001472,Печенье с суфле Ё/батон Миндаль Апельсин,печенье с суфле ё/батон миндаль апельсин,0,0,0,,,,0,0,other_sale,not observed as subscription product,0
AFC3000C29D830FD11EF95C215B0614A,00000001473,Печенье с суфле Ё/батон Миндаль Апельсин коробка,печенье с суфле ё/батон миндаль апельсин коробка,0,0,0,,,,0,0,other_sale,not observed as subscription product,0
AB55A4BF01266AD411EB9B83B28C94F8,00000000376,Печенье с суфле Ё/батон Черешня,печенье с суфле ё/батон черешня,0,0,0,,,,0,0,other_sale,not observed as subscription product,0
AD5BA4BF01266AD411EDD900E0EBB089,00000001049,Печенье с суфле Ё/батон Черешня коробка,печенье с суфле ё/батон черешня коробка,0,0,0,,,,0,0,other_sale,not observed as subscription product,0
AAE1A4BF01266AD411EAE6D4C2DCDF0D,00000000338,Печенье с суфле Ё/батон Шоколад,печенье с суфле ё/батон шоколад,0,0,0,,,,0,0,other_sale,not observed as subscription product,0
AD5BA4BF01266AD411EDD9008D4AE47E,00000001048,Печенье с суфле Ё/батон Шоколад коробка,печенье с суфле ё/батон шоколад коробка,0,0,0,,,,0,0,other_sale,not observed as subscription product,0
AB55A4BF01266AD411EB9B834807BF6D,00000000375,Печенье с суфле Ё/батон Шоколад-кофе,печенье с суфле ё/батон шоколад-кофе,0,0,0,,,,0,0,other_sale,not observed as subscription product,0
AD5BA4BF01266AD411EDD8FFD437CF53,00000001046,Печенье с суфле Ё/батон Шоколад-кофе коробка,печенье с суфле ё/батон шоколад-кофе коробка,0,0,0,,,,0,0,other_sale,not observed as subscription product,0
AFC3000C29D830FD11EF95C0CFFB9C63,00000001468,Печенье с суфле Ё/батон Яблоко корица,печенье с суфле ё/батон яблоко корица,0,0,0,,,,0,0,other_sale,not observed as subscription product,0
AFC3000C29D830FD11EF95C11EFD6D85,00000001469,Печенье с суфле Ё/батон Яблоко корица коробка,печенье с суфле ё/батон яблоко корица коробка,0,0,0,,,,0,0,other_sale,not observed as subscription product,0
ACD2A4BF01266AD411ED61AE4622AF76,00000000860,"Печенье суфле ""CHIKALAB"" (кофе с маршмэллоу)","печенье суфле ""chikalab"" (кофе с маршмэллоу)",0,0,0,,,,0,0,other_sale,not observed as subscription product,0
AD5AA4BF01266AD411EDD858D772C85D,00000001024,"Печенье суфле ""CHIKALAB"" (кофе с маршмэллоу) в коробке","печенье суфле ""chikalab"" (кофе с маршмэллоу) в коробке",0,0,0,,,,0,0,other_sale,not observed as subscription product,0
ACD2A4BF01266AD411ED61AF37D2506A,00000000861,"Печенье суфле ""CHIKALAB"" (малиновый десерт)","печенье суфле ""chikalab"" (малиновый десерт)",0,0,0,,,,0,0,other_sale,not observed as subscription product,0
AD5AA4BF01266AD411EDD859B857BE4A,00000001025,"Печенье суфле ""CHIKALAB"" (малиновый десерт) в коробке","печенье суфле ""chikalab"" (малиновый десерт) в коробке",0,0,0,,,,0,0,other_sale,not observed as subscription product,0
ACE8A4BF01266AD411ED7B8DB46830E8,00000000897,"Печенье суфле ""CHIKALAB"" (Сливочная ваниль)","печенье суфле ""chikalab"" (сливочная ваниль)",0,0,0,,,,0,0,other_sale,not observed as subscription product,0
AD5AA4BF01266AD411EDD85A42AB11B1,00000001026,"Печенье суфле ""CHIKALAB"" (Сливочная ваниль) в коробке","печенье суфле ""chikalab"" (сливочная ваниль) в коробке",0,0,0,,,,0,0,other_sale,not observed as subscription product,0
ACD2A4BF01266AD411ED61AF6226442F,00000000862,"Печенье суфле ""CHIKALAB"" (шоколадный десерт)","печенье суфле ""chikalab"" (шоколадный десерт)",0,0,0,,,,0,0,other_sale,not observed as subscription product,0
AD5AA4BF01266AD411EDD85A8485D61D,00000001027,"Печенье суфле ""CHIKALAB"" (шоколадный десерт) в коробке","печенье суфле ""chikalab"" (шоколадный десерт) в коробке",0,0,0,,,,0,0,other_sale,not observed as subscription product,0
AACBA4BF01266AD311EA0611F76764E7,00000000236,Пилатес,пилатес,0,0,0,,,,0,0,other_sale,not observed as subscription product,0
AFFC000C29D830FD11EFC2A16E5BEDE2,00000001540,"Пирожное ""Rex"" Брауни апельсиновое","пирожное ""rex"" брауни апельсиновое",0,0,0,,,,0,0,other_sale,not observed as subscription product,0
AFFC000C29D830FD11EFC2A195EEC57C,00000001541,"Пирожное ""Rex"" Брауни мятное с коллагеном","пирожное ""rex"" брауни мятное с коллагеном",0,0,0,,,,0,0,other_sale,not observed as subscription product,0
AFFC000C29D830FD11EFC2A1C7556C10,00000001542,"Пирожное ""Rex"" протеиновое ""Морковный тортик""","пирожное ""rex"" протеиновое ""морковный тортик""",0,0,0,,,,0,0,other_sale,not observed as subscription product,0
AFFC000C29D830FD11EFC2A122408121,00000001539,"Пирожное ""Rex"" протеиновое ""Тирамису""","пирожное ""rex"" протеиновое ""тирамису""",0,0,0,,,,0,0,other_sale,not observed as subscription product,0
AFFC000C29D830FD11EFC2A20B938347,00000001544,"Пирожное ""Rex"" протеиновое ""Шоколадный тортик с малиной""","пирожное ""rex"" протеиновое ""шоколадный тортик с малиной""",0,0,0,,,,0,0,other_sale,not observed as subscription product,0
AFFC000C29D830FD11EFC2A1E7AC3BFE,00000001543,"Пирожное ""Rex"" протеиновое ""Яблочный тортик""","пирожное ""rex"" протеиновое ""яблочный тортик""",0,0,0,,,,0,0,other_sale,not observed as subscription product,0
AC36A4BF01266AD411EC4939C89A6558,00000000418,ПИТАТЕЛЬНЫЙ КОКТЕЙЛИ,питательный коктейли,0,0,0,,,,0,0,other_sale,not observed as subscription product,0
AA9BA4BF01266AD311E8AABC514530A8,00000000002,ПЛАСТИКОВАЯ КАРТА,пластиковая карта,0,0,0,,,,0,0,other_sale,not observed as subscription product,0
AA9EA4BF01266AD311E8D82589232D7D,00000000103,Пластиковая карта 12 П/Т ВИП,пластиковая карта 12 п/т вип,0,0,0,,,,0,0,other_sale,not observed as subscription product,0
AA9EA4BF01266AD311E8D82589232D7C,00000000102,Пластиковая карта 8 П/Т ВИП,пластиковая карта 8 п/т вип,0,0,0,,,,0,0,other_sale,not observed as subscription product,0
AFE8000C29D830FD11EFB2EA1A90EBA9,00000001501,Плов с курицей Главобед 300 гр,плов с курицей главобед 300 гр,0,0,0,,,,0,0,other_sale,not observed as subscription product,0
AA9EA4BF01266AD311E8D82589232D68,00000000086,Подарки к членствам,подарки к членствам,0,0,0,,,,0,0,other_sale,not observed as subscription product,0
AA9EA4BF01266AD311E8D82589232D81,00000000107,Подарочная карта,подарочная карта,0,0,0,,,,0,0,other_sale,not observed as subscription product,0
AA9EA4BF01266AD311E8D82589232D82,00000000108,Подарочная карта (картон),подарочная карта (картон),0,0,0,,,,0,0,other_sale,not observed as subscription product,0
AE80000C29D830FD11EEA3EEAF569D60,00000001274,Подарочный набор № 1,подарочный набор № 1,0,0,0,,,,0,0,other_sale,not observed as subscription product,0
AE80000C29D830FD11EEA3EF4A1F1FC2,00000001275,Подарочный набор № 2,подарочный набор № 2,0,0,0,,,,0,0,other_sale,not observed as subscription product,0
AE80000C29D830FD11EEA3EFA9C01538,00000001276,Подарочный набор № 3,подарочный набор № 3,0,0,0,,,,0,0,other_sale,not observed as subscription product,0
AA9EA4BF01266AD311E8D82589232D7E,00000000104,ПОДАРОЧНЫЙ СЕРТИФИКАТ,подарочный сертификат,0,0,0,,,,0,0,other_sale,not observed as subscription product,0
AA9EA4BF01266AD311E8D82589232D7F,00000000105,Подарочный сертификат на сумму 1000,подарочный сертификат на сумму 1000,0,0,0,,,,0,0,other_sale,not observed as subscription product,0
AA9EA4BF01266AD311E8F22679266D7C,00000000112,Подарочный сертификат на сумму 1500,подарочный сертификат на сумму 1500,0,0,0,,,,0,0,other_sale,not observed as subscription product,0
AA9EA4BF01266AD311E8F22679266D7D,00000000113,Подарочный сертификат на сумму 2000,подарочный сертификат на сумму 2000,0,0,0,,,,0,0,other_sale,not observed as subscription product,0
AA9EA4BF01266AD311E8F22679266D7E,00000000114,Подарочный сертификат на сумму 3000,подарочный сертификат на сумму 3000,0,0,0,,,,0,0,other_sale,not observed as subscription product,0
AA9EA4BF01266AD311E8F22679266D7F,00000000115,Подарочный сертификат на сумму 5000,подарочный сертификат на сумму 5000,0,0,0,,,,0,0,other_sale,not observed as subscription product,0
AC9DA4BF01266AD411ED38C3C3970520,00000000834,Полотенце ,полотенце,0,0,0,,,,0,0,other_sale,not observed as subscription product,0
AE0B000C29D830FD11EE4C80F2DB3EC1,00000001177,Предтреднировочный комплекс KevinLevrone (Ледяной апельсин-манго),предтреднировочный комплекс kevinlevrone (ледяной апельсин-манго),0,0,0,,,,0,0,other_sale,not observed as subscription product,0
B0EF000C29D830FD11F07680733035B4,00000001650,Предтрен. Bombbar Pre-Workout 100 ml Вишня,предтрен. bombbar pre-workout 100 ml вишня,0,0,0,,,,0,0,other_sale,not observed as subscription product,0
AC3AA4BF01266AD411EC50363D28EA41,00000000608,ПРЕДТРЕНИРОВОЧНЫЕ КОМПЛЕКСЫ,предтренировочные комплексы,0,0,0,,,,0,0,other_sale,not observed as subscription product,0
AE40000C29D830FD11EE749D3ABD64C3,00000001224,Предтренировочный комплекс Bombbar PRE-WORKOUT Лесные ягоды,предтренировочный комплекс bombbar pre-workout лесные ягоды,0,0,0,,,,0,0,other_sale,not observed as subscription product,0
AD66A4BF01266AD411EDDF614CFCEC0C,00000001077,Предтренировочный комплекс Bombbar PRE-WORKOUT Лесные ягоды (в банке),предтренировочный комплекс bombbar pre-workout лесные ягоды (в банке),0,0,0,,,,0,0,other_sale,not observed as subscription product,0
AE40000C29D830FD11EE749C6CF417CA,00000001223,Предтренировочный комплекс Bombbar PRE-WORKOUT Тропик ,предтренировочный комплекс bombbar pre-workout тропик,0,0,0,,,,0,0,other_sale,not observed as subscription product,0
AD66A4BF01266AD411EDDF616F2888E5,00000001078,Предтренировочный комплекс Bombbar PRE-WORKOUT Тропик (в банке),предтренировочный комплекс bombbar pre-workout тропик (в банке),0,0,0,,,,0,0,other_sale,not observed as subscription product,0
B108000C29D830FD11F088C9DC2421E9,00000001654,предтренировочный комплекс just fit (ананас),предтренировочный комплекс just fit (ананас),0,0,0,,,,0,0,other_sale,not observed as subscription product,0
B0C3000C29D830FD11F055860C553B50,00000001622,предтренировочный комплекс just fit (апельсин),предтренировочный комплекс just fit (апельсин),0,0,0,,,,0,0,other_sale,not observed as subscription product,0
AE1B000C29D830FD11EE596D59D3FAF4,00000001204,Предтренировочный комплекс JustFit Pump (Груша),предтренировочный комплекс justfit pump (груша),0,0,0,,,,0,0,other_sale,not observed as subscription product,0
AC8FA4BF01266AD411ED2A8C26568834,00000000820,Прокачка тела ,прокачка тела,0,0,0,,,,0,0,other_sale,not observed as subscription product,0
AE3C000C29D830FD11EE7179E1B78F63,00000001221,"Протеин Bombbar  ""Банан манго""","протеин bombbar  ""банан манго""",0,0,0,,,,0,0,other_sale,not observed as subscription product,0
AD44A4BF01266AD411EDCCA64FD7D289,00000000985,"Протеин Bombbar  ""Банан манго""( в пакете) ","протеин bombbar  ""банан манго""( в пакете)",0,0,0,,,,0,0,other_sale,not observed as subscription product,0
AE3C000C29D830FD11EE717A27A7BAD3,00000001222,"Протеин Bombbar  ""Крем брюле""","протеин bombbar  ""крем брюле""",0,0,0,,,,0,0,other_sale,not observed as subscription product,0
AD66A4BF01266AD411EDDF54418B5204,00000001068,"Протеин Bombbar  ""Крем брюле""( в пакете) ","протеин bombbar  ""крем брюле""( в пакете)",0,0,0,,,,0,0,other_sale,not observed as subscription product,0
AD66A4BF01266AD411EDDF5404634297,00000001066,"Протеин Bombbar  ""Малиновое печенье""( в пакете) ","протеин bombbar  ""малиновое печенье""( в пакете)",0,0,0,,,,0,0,other_sale,not observed as subscription product,0
AD66A4BF01266AD411EDDF5424C55DD7,00000001067,"Протеин Bombbar  ""Тирамису""( в пакете) ","протеин bombbar  ""тирамису""( в пакете)",0,0,0,,,,0,0,other_sale,not observed as subscription product,0
AD66A4BF01266AD411EDDF4FF98A3BE5,00000001064,"Протеин Bombbar  ""Шоколадный""( в пакете) ","протеин bombbar  ""шоколадный""( в пакете)",0,0,0,,,,0,0,other_sale,not observed as subscription product,0
AD44A4BF01266AD411EDCCA6C758FA19,00000000986,"Протеин Bombbar Pro Casein ""Ванильный милкшейк"" (в банке 900гр)","протеин bombbar pro casein ""ванильный милкшейк"" (в банке 900гр)",0,0,0,,,,0,0,other_sale,not observed as subscription product,0
AD66A4BF01266AD411EDDF73E0E0E042,00000001089,"Протеин Bombbar Pro Complex whey ""Ванильное мороженое"" в банке 900 гр","протеин bombbar pro complex whey ""ванильное мороженое"" в банке 900 гр",0,0,0,,,,0,0,other_sale,not observed as subscription product,0
AE7B000C29D830FD11EEA0007406CD06,00000001268,"Протеин Bombbar Pro Complex whey ""Клубника со сливками"" ","протеин bombbar pro complex whey ""клубника со сливками""",0,0,0,,,,0,0,other_sale,not observed as subscription product,0
AD66A4BF01266AD411EDDF73FCF56329,00000001090,"Протеин Bombbar Pro Complex whey ""Клубника со сливками"" в банке 900 гр","протеин bombbar pro complex whey ""клубника со сливками"" в банке 900 гр",0,0,0,,,,0,0,other_sale,not observed as subscription product,0
AD44A4BF01266AD411EDCCA7FB889A34,00000000989,"Протеин Bombbar Pro Complex whey ""Шоколадный пломбир"" в банке 900 гр","протеин bombbar pro complex whey ""шоколадный пломбир"" в банке 900 гр",0,0,0,,,,0,0,other_sale,not observed as subscription product,0
AD66A4BF01266AD411EDDF72326ABECF,00000001088,"Протеин Bombbar Pro whey ""Ванильно сливочный пломбир"" в банке 900 гр","протеин bombbar pro whey ""ванильно сливочный пломбир"" в банке 900 гр",0,0,0,,,,0,0,other_sale,not observed as subscription product,0
AD29A4BF01266AD411EDAEC6E8F6661E,00000000943,"Протеин Bombbar Pro whey ""Клубника со сливками""","протеин bombbar pro whey ""клубника со сливками""",0,0,0,,,,0,0,other_sale,not observed as subscription product,0
AD44A4BF01266AD411EDCCA78560E157,00000000988,"Протеин Bombbar Pro whey ""Клубника со сливками"" в банке 900 гр","протеин bombbar pro whey ""клубника со сливками"" в банке 900 гр",0,0,0,,,,0,0,other_sale,not observed as subscription product,0
AE7B000C29D830FD11EEA000E44CA8C7,00000001269,"Протеин Bombbar Pro whey ""Малиновое печенье"" ","протеин bombbar pro whey ""малиновое печенье""",0,0,0,,,,0,0,other_sale,not observed as subscription product,0
AE31000C29D830FD11EE68DF95440E48,00000001213,"Протеин Bombbar Pro whey ""Малиновое печенье"" в банке 900 гр","протеин bombbar pro whey ""малиновое печенье"" в банке 900 гр",0,0,0,,,,0,0,other_sale,not observed as subscription product,0
AD66A4BF01266AD411EDDF71FD86E0E4,00000001087,"Протеин Bombbar Pro whey ""Фисташковое мороженое"" в банке 900 гр","протеин bombbar pro whey ""фисташковое мороженое"" в банке 900 гр",0,0,0,,,,0,0,other_sale,not observed as subscription product,0
AE02000C29D830FD11EE4669351F8458,00000001174,"Протеин Bombbar Pro whey ""шоколадный"" в банке 900 гр","протеин bombbar pro whey ""шоколадный"" в банке 900 гр",0,0,0,,,,0,0,other_sale,not observed as subscription product,0
AE02000C29D830FD11EE46627169899C,00000001171,"Протеин Bombbar порционный "" Крем брюле""","протеин bombbar порционный "" крем брюле""",0,0,0,,,,0,0,other_sale,not observed as subscription product,0
AD29A4BF01266AD411EDAEC8A3BAF4AD,00000000946,"Протеин Bombbar порционный ""банан-манго""","протеин bombbar порционный ""банан-манго""",0,0,0,,,,0,0,other_sale,not observed as subscription product,0
ADD0000C29D830FD11EE200C4F59A1C3,00000001140,"Протеин Bombbar порционный ""малиновое печенье""","протеин bombbar порционный ""малиновое печенье""",0,0,0,,,,0,0,other_sale,not observed as subscription product,0
AD29A4BF01266AD411EDAEC884AC51E8,00000000945,"Протеин Bombbar порционный ""шоколадный""","протеин bombbar порционный ""шоколадный""",0,0,0,,,,0,0,other_sale,not observed as subscription product,0
ACD9A4BF01266AD411ED674557CF965B,00000000870,Протеин CYBERMASS WHEY (Банан-клубника),протеин cybermass whey (банан-клубника),0,0,0,,,,0,0,other_sale,not observed as subscription product,0
AC3AA4BF01266AD411EC502A19C7D419,00000000596,Протеин CYBERMASS WHEY (ВАНИЛЬНЫЙ КРЕМ),протеин cybermass whey (ванильный крем),0,0,0,,,,0,0,other_sale,not observed as subscription product,0
ADC5000C29D830FD11EE173532119C22,00000001135,Протеин Cybermass Whey (Двойной шоколад),протеин cybermass whey (двойной шоколад),0,0,0,,,,0,0,other_sale,not observed as subscription product,0
ADC5000C29D830FD11EE17345F97E56F,00000001134,Протеин Cybermass Whey (Кокос),протеин cybermass whey (кокос),0,0,0,,,,0,0,other_sale,not observed as subscription product,0
AC3AA4BF01266AD411EC5029B8855EC5,00000000595,Протеин CYBERMASS WHEY (КРЕМОВОЕ ПЕЧЕНЬЕ),протеин cybermass whey (кремовое печенье),0,0,0,,,,0,0,other_sale,not observed as subscription product,0
ACD9A4BF01266AD411ED67457A8FEE6D,00000000871,Протеин CYBERMASS WHEY (Черника-сливки),протеин cybermass whey (черника-сливки),0,0,0,,,,0,0,other_sale,not observed as subscription product,0
AC3AA4BF01266AD411EC502976A41A29,00000000594,Протеин CYBERMASS WHEY (ШОКОЛАД-ОРЕХ),протеин cybermass whey (шоколад-орех),0,0,0,,,,0,0,other_sale,not observed as subscription product,0
B166000C29D830FD11F0CF5DF17DAEC0,00000001691,Протеин GALAVNIZE Max лимонный чизкейк,протеин galavnize max лимонный чизкейк,0,0,0,,,,0,0,other_sale,not observed as subscription product,0
B166000C29D830FD11F0CF5BC81D2D5D,00000001690,Протеин GALAVNIZE Max шоколад фундук,протеин galavnize max шоколад фундук,0,0,0,,,,0,0,other_sale,not observed as subscription product,0
B1D1000C29D830FD11F121503E53A9C9,00000001733,протеин Galvanize 100 Whey персик йогурт,протеин galvanize 100 whey персик йогурт,0,0,0,,,,0,0,other_sale,not observed as subscription product,0
B198000C29D830FD11F0F530387EC0A3,00000001699,протеин Gold Standart Клубника,протеин gold standart клубника,0,0,0,,,,0,0,other_sale,not observed as subscription product,0
B198000C29D830FD11F0F533E15FBE2B,00000001700,протеин Gold Standart клубника,протеин gold standart клубника,0,0,0,,,,0,0,other_sale,not observed as subscription product,0
B09C000C29D830FD11F03B9C5ACD7950,00000001613,Протеин Jast Fit (ваниль),протеин jast fit (ваниль),0,0,0,,,,0,0,other_sale,not observed as subscription product,0
AD14A4BF01266AD411ED9E2FCB3A797F,00000000916,Протеин JUST FIT HIGH WHEY(КОФЕ),протеин just fit high whey(кофе),0,0,0,,,,0,0,other_sale,not observed as subscription product,0
AC45A4BF01266AD411EC68C9BBFA52D4,00000000669,Протеин LIFE WHEY (ГОРЯЧИЙ ШОКОЛАД),протеин life whey (горячий шоколад),0,0,0,,,,0,0,other_sale,not observed as subscription product,0
B0C0000C29D830FD11F05338A2B802E7,00000001620,Протеин MATRIX (печенье и сливки),протеин matrix (печенье и сливки),0,0,0,,,,0,0,other_sale,not observed as subscription product,0
B0C3000C29D830FD11F055981ED63593,00000001623,Протеин MATRIX (шоколад) в пакете,протеин matrix (шоколад) в пакете,0,0,0,,,,0,0,other_sale,not observed as subscription product,0
AC3EA4BF01266AD411EC56A915AD9DB2,00000000652,Протеин MATRIX SYNTRAX (БАНАН),протеин matrix syntrax (банан),0,0,0,,,,0,0,other_sale,not observed as subscription product,0
AC77A4BF01266AD411ECDDC3EA35D4B2,00000000782,Протеин MATRIX SYNTRAX (БАНАНОВЫЙ КРЕМ),протеин matrix syntrax (банановый крем),0,0,0,,,,0,0,other_sale,not observed as subscription product,0
AC68A4BF01266AD411ECB9A1A9962A5F,00000000753,Протеин MATRIX SYNTRAX (ВАНИЛЬ),протеин matrix syntrax (ваниль),0,0,0,,,,0,0,other_sale,not observed as subscription product,0
AC3EA4BF01266AD411EC56A6AF008147,00000000651,Протеин MATRIX SYNTRAX (КЛУБНИКА),протеин matrix syntrax (клубника),0,0,0,,,,0,0,other_sale,not observed as subscription product,0
AF9A000C29D830FD11EF7A56A075BD05,00000001446,Протеин MATRIX SYNTRAX (КЛУБНИКА),протеин matrix syntrax (клубника),0,0,0,,,,0,0,other_sale,not observed as subscription product,0
AC8FA4BF01266AD411ED170BA426C684,00000000802,Протеин MATRIX SYNTRAX (молочный шоколад),протеин matrix syntrax (молочный шоколад),0,0,0,,,,0,0,other_sale,not observed as subscription product,0
AF46000C29D830FD11EF39060AC4F0EA,00000001397,Протеин MATRIX SYNTRAX (мятное печенье),протеин matrix syntrax (мятное печенье),0,0,0,,,,0,0,other_sale,not observed as subscription product,0
AC84A4BF01266AD411ECFB6C162096DC,00000000796,Протеин MATRIX SYNTRAX (печенье с арахисовым маслом),протеин matrix syntrax (печенье с арахисовым маслом),0,0,0,,,,0,0,other_sale,not observed as subscription product,0
AC8FA4BF01266AD411ED170C7645C4B2,00000000803,Протеин MATRIX SYNTRAX (печенье с кремом),протеин matrix syntrax (печенье с кремом),0,0,0,,,,0,0,other_sale,not observed as subscription product,0
AC84A4BF01266AD411ECFB6C7666B5D8,00000000797,Протеин MATRIX SYNTRAX (ШОКОЛАД),протеин matrix syntrax (шоколад),0,0,0,,,,0,0,other_sale,not observed as subscription product,0
ACACA4BF01266AD411ED43E35B4AA666,00000000845,Протеин MATRIX SYNTRAX(ВАНИЛЬ),протеин matrix syntrax(ваниль),0,0,0,,,,0,0,other_sale,not observed as subscription product,0
AC45A4BF01266AD411EC68A4E57D4CD8,00000000666,Протеин MUSCLE PRO REVOLUTION (ПИНА КОЛАДА) WHEY PROTEIN,протеин muscle pro revolution (пина колада) whey protein,0,0,0,,,,0,0,other_sale,not observed as subscription product,0
AD41A4BF01266AD411EDCA38094DE022,00000000978,Протеин OLIMP Whey Protein Complex(ЛИМОННЫЙ ЧИЗКЕЙК),протеин olimp whey protein complex(лимонный чизкейк),0,0,0,,,,0,0,other_sale,not observed as subscription product,0
AE1B000C29D830FD11EE595C69B87F2B,00000001203,Протеин OLIMP Whey Protein Complex(Тирамису),протеин olimp whey protein complex(тирамису),0,0,0,,,,0,0,other_sale,not observed as subscription product,0
AD14A4BF01266AD411ED9E307D99965E,00000000917,Протеин OLIMP Whey Protein Complex(Черника),протеин olimp whey protein complex(черника),0,0,0,,,,0,0,other_sale,not observed as subscription product,0
AD78000C29E7FC0211EDE4248F74AE65,00000001093,Протеин OLIMP Whey Protein Complex(Шоколад),протеин olimp whey protein complex(шоколад),0,0,0,,,,0,0,other_sale,not observed as subscription product,0
AD14A4BF01266AD411ED9E309872AC8B,00000000918,Протеин OLIMP Whey Protein Complex(Шоколад-кармель),протеин olimp whey protein complex(шоколад-кармель),0,0,0,,,,0,0,other_sale,not observed as subscription product,0
AD89000C29D830FD11EDEF34578D9851,00000001103,Протеин ON GOLD STANDARD WHEY (Банан),протеин on gold standard whey (банан),0,0,0,,,,0,0,other_sale,not observed as subscription product,0
AC5DA4BF01266AD411EC9F95453F2054,00000000725,Протеин ON GOLD STANDARD WHEY (ВАНИЛ.МОРОЖЕНОЕ),протеин on gold standard whey (ванил.мороженое),0,0,0,,,,0,0,other_sale,not observed as subscription product,0
B146000C29D830FD11F0B64C599042C2,00000001676,Протеин ON GOLD STANDARD WHEY (ВАНИЛ.МОРОЖЕНОЕ),протеин on gold standard whey (ванил.мороженое),0,0,0,,,,0,0,other_sale,not observed as subscription product,0
B0CA000C29D830FD11F05B1F85683375,00000001628,Протеин ON GOLD STANDARD WHEY (ванильный крем),протеин on gold standard whey (ванильный крем),0,0,0,,,,0,0,other_sale,not observed as subscription product,0
AC3AA4BF01266AD411EC5027751E9171,00000000589,Протеин ON GOLD STANDARD WHEY (ВАНИЛЬНЫЙ КРЕМ),протеин on gold standard whey (ванильный крем),0,0,0,,,,0,0,other_sale,not observed as subscription product,0
AC3AA4BF01266AD411EC5022B17EBE2E,00000000585,Протеин ON GOLD STANDARD WHEY (ДВОЙНОЙ ШОКОЛАД),протеин on gold standard whey (двойной шоколад),0,0,0,,,,0,0,other_sale,not observed as subscription product,0
B146000C29D830FD11F0B64C883FD27D,00000001677,Протеин ON GOLD STANDARD WHEY (ДВОЙНОЙ ШОКОЛАД),протеин on gold standard whey (двойной шоколад),0,0,0,,,,0,0,other_sale,not observed as subscription product,0
AC51A4BF01266AD411EC843032D183D7,00000000709,Протеин ON GOLD STANDARD WHEY (КАПУЧИНО),протеин on gold standard whey (капучино),0,0,0,,,,0,0,other_sale,not observed as subscription product,0
AC5DA4BF01266AD411EC9F950F1A1E63,00000000724,Протеин ON GOLD STANDARD WHEY (КЛУБНИКА),протеин on gold standard whey (клубника),0,0,0,,,,0,0,other_sale,not observed as subscription product,0
AC3AA4BF01266AD411EC50266B96D8F8,00000000586,Протеин ON GOLD STANDARD WHEY (КЛУБНИКА-БАНАН),протеин on gold standard whey (клубника-банан),0,0,0,,,,0,0,other_sale,not observed as subscription product,0
AC3AA4BF01266AD411EC5026A0B08FA0,00000000587,Протеин ON GOLD STANDARD WHEY (КОФЕ),протеин on gold standard whey (кофе),0,0,0,,,,0,0,other_sale,not observed as subscription product,0
AC46A4BF01266AD411EC693F84AE44DB,00000000671,Протеин ON GOLD STANDARD WHEY (МОЛОЧНЫЙ ШОКОЛАД),протеин on gold standard whey (молочный шоколад),0,0,0,,,,0,0,other_sale,not observed as subscription product,0
AC84A4BF01266AD411ECFB66AFDD5DF7,00000000795,Протеин ON GOLD STANDARD WHEY (ШОКОЛАД,протеин on gold standard whey (шоколад,0,0,0,,,,0,0,other_sale,not observed as subscription product,0
AC3AA4BF01266AD411EC5026D665436A,00000000588,Протеин ON GOLD STANDARD WHEY (ШОКОЛАД-КОКОС),протеин on gold standard whey (шоколад-кокос),0,0,0,,,,0,0,other_sale,not observed as subscription product,0
AC3AA4BF01266AD411EC50220412C944,00000000584,Протеин ON GOLD STANDARD WHEY (ШОКОЛАД-МЕНТОЛ),протеин on gold standard whey (шоколад-ментол),0,0,0,,,,0,0,other_sale,not observed as subscription product,0
AC3EA4BF01266AD411EC56B2FB78AD66,00000000655,Протеин ON GOLD STANDARD WHEY (ШОКОЛАДНАЯ КРОШКА),протеин on gold standard whey (шоколадная крошка),0,0,0,,,,0,0,other_sale,not observed as subscription product,0
AC8FA4BF01266AD411ED17B927A5F6B4,00000000806,Протеин ON GOLD STANDARD WHEY (ШОКОЛАДНОЕ АРАХИСОВОЕ МАСЛО),протеин on gold standard whey (шоколадное арахисовое масло),0,0,0,,,,0,0,other_sale,not observed as subscription product,0
AC8FA4BF01266AD411ED17B7C8C32A55,00000000805,Протеин ON GOLD STANDARD WHEY (ШОКОЛАДНЫЙ СОЛОД),протеин on gold standard whey (шоколадный солод),0,0,0,,,,0,0,other_sale,not observed as subscription product,0
AC3AA4BF01266AD411EC5027A708CD4D,00000000590,Протеин ON GOLD STANDARD WHEY Банановый крем,протеин on gold standard whey банановый крем,0,0,0,,,,0,0,other_sale,not observed as subscription product,0
AD0BA4BF01266AD411ED9729CF6DFA8E,00000000912,Протеин ON GOLD STANDARD WHEY(БЕЛЫЙ ШОКОЛАД),протеин on gold standard whey(белый шоколад),0,0,0,,,,0,0,other_sale,not observed as subscription product,0
AD0BA4BF01266AD411ED972988D97C76,00000000911,Протеин ON GOLD STANDARD WHEY(ВАНИЛЬ),протеин on gold standard whey(ваниль),0,0,0,,,,0,0,other_sale,not observed as subscription product,0
B0CA000C29D830FD11F05B1EE26811EF,00000001627,Протеин ON GOLD STANDARD WHEY(ванильное мороженое) ,протеин on gold standard whey(ванильное мороженое),0,0,0,,,,0,0,other_sale,not observed as subscription product,0
ACD9A4BF01266AD411ED6B08C674284B,00000000872,Протеин ON GOLD STANDARD WHEY(ШОКОЛАД),протеин on gold standard whey(шоколад),0,0,0,,,,0,0,other_sale,not observed as subscription product,0
ACD9A4BF01266AD411ED6EF3498E4C3E,00000000874,Протеин ON GOLD STANDARD WHEY(ШОКОЛАД),протеин on gold standard whey(шоколад),0,0,0,,,,0,0,other_sale,not observed as subscription product,0
ACACA4BF01266AD411ED43C036A056E2,00000000840,Протеин ON GOLD STANDART(КЛУБНИЧНЫЙ КРЕМ),протеин on gold standart(клубничный крем),0,0,0,,,,0,0,other_sale,not observed as subscription product,0
B0EF000C29D830FD11F076A9A1D0A0DE,00000001652,Протеин Scitec Nutrition (\Арахисовая паста,протеин scitec nutrition (\арахисовая паста,0,0,0,,,,0,0,other_sale,not observed as subscription product,0
AF9D000C29D830FD11EF7B5ADE64FE5D,00000001453,Протеин scitec nutrition (банан),протеин scitec nutrition (банан),0,0,0,,,,0,0,other_sale,not observed as subscription product,0
AD9E000C29D830FD11EDFE1E986F6225,00000001116,Протеин Scitec Nutrition (кокос,протеин scitec nutrition (кокос,0,0,0,,,,0,0,other_sale,not observed as subscription product,0
AF83000C29D830FD11EF6906B789D10B,00000001425,Протеин Scitec Nutrition (соленая карамель),протеин scitec nutrition (соленая карамель),0,0,0,,,,0,0,other_sale,not observed as subscription product,0
AC45A4BF01266AD411EC68A410F1F7F5,00000000665,Протеин SCITEC NUTRITIYON (БЕЛЫЙ ШОКОЛАД С КЛУБНИКОЙ),протеин scitec nutritiyon (белый шоколад с клубникой),0,0,0,,,,0,0,other_sale,not observed as subscription product,0
AC4BA4BF01266AD411EC7559018D8678,00000000685,Протеин SCITEC NUTRITIYON (ЕЖЕВИКА),протеин scitec nutritiyon (ежевика),0,0,0,,,,0,0,other_sale,not observed as subscription product,0
AC3EA4BF01266AD411EC56AA815EE91A,00000000653,Протеин SCITEC NUTRITIYON (МИНДАЛЬ-КОКОС),протеин scitec nutritiyon (миндаль-кокос),0,0,0,,,,0,0,other_sale,not observed as subscription product,0
AC3EA4BF01266AD411EC56A0881FBFC5,00000000649,Протеин SCITEC NUTRITIYON (МОЛОЧНЫЙ ШОКОЛАД),протеин scitec nutritiyon (молочный шоколад),0,0,0,,,,0,0,other_sale,not observed as subscription product,0
AF99000C29D830FD11EF7986DDF927CB,00000001445,Протеин SYNTA-6  Ванильное мороженое,протеин synta-6  ванильное мороженое,0,0,0,,,,0,0,other_sale,not observed as subscription product,0
AC68A4BF01266AD411ECB9A1EE10B402,00000000754,Протеин SYNTA-6 BSN (АРАХИСОВОЕ МАСЛО),протеин synta-6 bsn (арахисовое масло),0,0,0,,,,0,0,other_sale,not observed as subscription product,0
AC75A4BF01266AD411ECD81F87D9FAF4,00000000775,Протеин SYNTA-6 BSN (БАНАН) 1320г,протеин synta-6 bsn (банан) 1320г,0,0,0,,,,0,0,other_sale,not observed as subscription product,0
AC5DA4BF01266AD411EC9F9656D0DA67,00000000729,Протеин SYNTA-6 BSN (ВАНИЛ.МОРОЖЕНОЕ) 1320г,протеин synta-6 bsn (ванил.мороженое) 1320г,0,0,0,,,,0,0,other_sale,not observed as subscription product,0
AC3EA4BF01266AD411EC56B1D916FAC1,00000000654,Протеин SYNTA-6 BSN (ванильное мороженое),протеин synta-6 bsn (ванильное мороженое),0,0,0,,,,0,0,other_sale,not observed as subscription product,0
AC3EA4BF01266AD411EC56A6725FEDA7,00000000650,Протеин SYNTA-6 BSN (клубника),протеин synta-6 bsn (клубника),0,0,0,,,,0,0,other_sale,not observed as subscription product,0
ACABA4BF01266AD411ED4303D175D7E7,00000000835,Протеин SYNTA-6 BSN (КЛУБНИКА),протеин synta-6 bsn (клубника),0,0,0,,,,0,0,other_sale,not observed as subscription product,0
AC51A4BF01266AD411EC842C9DD263F2,00000000706,Протеин SYNTA-6 BSN (клубника) 2.27КГ,протеин synta-6 bsn (клубника) 2.27кг,0,0,0,,,,0,0,other_sale,not observed as subscription product,0
ACABA4BF01266AD411ED43052BD1DFF7,00000000836,Протеин SYNTA-6 BSN (КРЕМОВОЕ-ПЕЧЕНЬЕ),протеин synta-6 bsn (кремовое-печенье),0,0,0,,,,0,0,other_sale,not observed as subscription product,0
AC51A4BF01266AD411EC842F9EB8CF85,00000000708,Протеин SYNTA-6 BSN (ПЕЧЕНЬЕ) 1320 гр,протеин synta-6 bsn (печенье) 1320 гр,0,0,0,,,,0,0,other_sale,not observed as subscription product,0
AC51A4BF01266AD411EC842F638ED6A3,00000000707,Протеин SYNTA-6 BSN (ШОКОЛАД),протеин synta-6 bsn (шоколад),0,0,0,,,,0,0,other_sale,not observed as subscription product,0
AD90000C29D830FD11EDF321F7F290A0,00000001106,Протеин SYNTA-6 EDGE Perfomance series (Клубничный милкшейк),протеин synta-6 edge perfomance series (клубничный милкшейк),0,0,0,,,,0,0,other_sale,not observed as subscription product,0
AC77A4BF01266AD411ECDDA280F81CB1,00000000778,Протеин ULTIMATE NUTRITION (БАНАН),протеин ultimate nutrition (банан),0,0,0,,,,0,0,other_sale,not observed as subscription product,0
AC77A4BF01266AD411ECDDA2D6C3861C,00000000779,Протеин ULTIMATE NUTRITION (КЛУБНИКА),протеин ultimate nutrition (клубника),0,0,0,,,,0,0,other_sale,not observed as subscription product,0
AC5DA4BF01266AD411EC9F96E3F7183A,00000000732,Протеин ULTIMATE NUTRITION (МАЛИНА),протеин ultimate nutrition (малина),0,0,0,,,,0,0,other_sale,not observed as subscription product,0
AC77A4BF01266AD411ECDDA33867CC46,00000000780,Протеин ULTIMATE NUTRITION (ПЕЧЕНЬЕ КРЕМ),протеин ultimate nutrition (печенье крем),0,0,0,,,,0,0,other_sale,not observed as subscription product,0
AC5DA4BF01266AD411EC9F96CE5AE65A,00000000731,Протеин ULTIMATE NUTRITION (ШОК.КРЕМ),протеин ultimate nutrition (шок.крем),0,0,0,,,,0,0,other_sale,not observed as subscription product,0
AC3AA4BF01266AD411EC5028278FBD82,00000000591,Протеин USN BLUE LAB WHEY (КАРАМЕЛЬНЫЙ ПОПКОРН) 2кг,протеин usn blue lab whey (карамельный попкорн) 2кг,0,0,0,,,,0,0,other_sale,not observed as subscription product,0
AC3AA4BF01266AD411EC502890C66A92,00000000592,Протеин USN BLUE LAB WHEY (ШОКОЛАДНЫЙ ВАФЛИ),протеин usn blue lab whey (шоколадный вафли),0,0,0,,,,0,0,other_sale,not observed as subscription product,0
AEEF000C29D830FD11EEF70F22026B84,00000001335,Протеин USN BLUELAB WHEY (ВАНИЛЬ),протеин usn bluelab whey (ваниль),0,0,0,,,,0,0,other_sale,not observed as subscription product,0
AD78000C29E7FC0211EDE425CAA716DD,00000001094,Протеин USN BLUELAB WHEY (КАРАМ.ПОПКОРН)  ( в банке) ,протеин usn bluelab whey (карам.попкорн)  ( в банке),0,0,0,,,,0,0,other_sale,not observed as subscription product,0
AC3CA4BF01266AD411EC5351C85B8983,00000000640,Протеин USN BLUELAB WHEY (КАРАМ.ПОПКОРН) 1КГ,протеин usn bluelab whey (карам.попкорн) 1кг,0,0,0,,,,0,0,other_sale,not observed as subscription product,0
AC6BA4BF01266AD411ECC1838531A2ED,00000000760,Протеин USN BLUELAB WHEY (КАРАМЕЛЬ-ШОКОЛАД),протеин usn bluelab whey (карамель-шоколад),0,0,0,,,,0,0,other_sale,not observed as subscription product,0
AC45A4BF01266AD411EC68CF8C734A98,00000000670,Протеин USN BLUELAB WHEY (МОРОЖЕНОЕ С КЛУБНИКОЙ),протеин usn bluelab whey (мороженое с клубникой),0,0,0,,,,0,0,other_sale,not observed as subscription product,0
AC3CA4BF01266AD411EC5352681D2FDB,00000000641,Протеин USN BLUELAB WHEY (СНИКЕРС),протеин usn bluelab whey (сникерс),0,0,0,,,,0,0,other_sale,not observed as subscription product,0
AF6E000C29D830FD11EF58AC66C1705F,00000001399,Протеин USN BLUELAB WHEY (тропический смузи),протеин usn bluelab whey (тропический смузи),0,0,0,,,,0,0,other_sale,not observed as subscription product,0
AEEF000C29D830FD11EEF70E9E1600F9,00000001334,Протеин USN BLUELAB WHEY (ШОКОЛАД),протеин usn bluelab whey (шоколад),0,0,0,,,,0,0,other_sale,not observed as subscription product,0
AC3AA4BF01266AD411EC5028D7523156,00000000593,Протеин USN PREMIUM WHEY (КЛУБНИКА С МОРОЖЕНЫМ),протеин usn premium whey (клубника с мороженым),0,0,0,,,,0,0,other_sale,not observed as subscription product,0
B1D1000C29D830FD11F1214D7A9AED91,00000001732,протеин изолят C100  GALVANIZE ваниль,протеин изолят c100  galvanize ваниль,0,0,0,,,,0,0,other_sale,not observed as subscription product,0
B1D1000C29D830FD11F1214B58BADF10,00000001731,протеин изолят C100  GALVANIZE печенье крем,протеин изолят c100  galvanize печенье крем,0,0,0,,,,0,0,other_sale,not observed as subscription product,0
B167000C29D830FD11F0D031AAF249E0,00000001692,протеин изолят C100  GALVANIZE шоколад,протеин изолят c100  galvanize шоколад,0,0,0,,,,0,0,other_sale,not observed as subscription product,0
B198000C29D830FD11F0F535F1EE2B55,00000001701,протеин печенье крем,протеин печенье крем,0,0,0,,,,0,0,other_sale,not observed as subscription product,0
AC3AA4BF01266AD411EC502168C23010,00000000583,ПРОТЕИНЫ,протеины,0,0,0,,,,0,0,other_sale,not observed as subscription product,0
B097000C29D830FD11F037F57283A1FC,00000001612,Психотик (гавайский апельсин),психотик (гавайский апельсин),0,0,0,,,,0,0,other_sale,not observed as subscription product,0
B150000C29D830FD11F0BE2CB0539535,00000001681,психотик (ледяной десерт),психотик (ледяной десерт),0,0,0,,,,0,0,other_sale,not observed as subscription product,0
B151000C29D830FD11F0BEE619A94EFC,00000001682,Психотик (фруктовый пунш),психотик (фруктовый пунш),0,0,0,,,,0,0,other_sale,not observed as subscription product,0
B199000C29D830FD11F0F5E9C5398F76,00000001705,психотик арбуз,психотик арбуз,0,0,0,,,,0,0,other_sale,not observed as subscription product,0
B210000C29D830FD11F14D30350E9CEC,00000001742,Психотик голубая малина,психотик голубая малина,0,0,0,,,,0,0,other_sale,not observed as subscription product,0
AD38A4BF01266AD411EDC3070DDAF0B0,00000000964,"Пшеничная каша с маслом , 220 гр,12 шт/уп","пшеничная каша с маслом , 220 гр,12 шт/уп",0,0,0,,,,0,0,other_sale,not observed as subscription product,0
B09D000C29D830FD11F03C60BE1D160D,00000001614,Рассольник с курицей ,рассольник с курицей,0,0,0,,,,0,0,other_sale,not observed as subscription product,0
AD33A4BF01266AD411EDBF15DD5C2ACD,00000000957,Расходные материалы(ремонт),расходные материалы(ремонт),0,0,0,,,,0,0,other_sale,not observed as subscription product,0
AEE8000C29D830FD11EEF1A0A65F2352,00000001326,РАФ 200мл,раф 200мл,0,0,0,,,,0,0,other_sale,not observed as subscription product,0
AE12000C29D830FD11EE522F999EC02A,00000001196,РАФ 300мл,раф 300мл,0,0,0,,,,0,0,other_sale,not observed as subscription product,0
AACBA4BF01266AD311EA061967D1DEFD,00000000257,Реабилитация позвоночника,реабилитация позвоночника,0,0,0,,,,0,0,other_sale,not observed as subscription product,0
AE51000C29D830FD11EE82026E296D56,00000001231,Резинка для волос,резинка для волос,0,0,0,,,,0,0,other_sale,not observed as subscription product,0
AE51000C29D830FD11EE82023FED16D6,00000001230,Резинка для волос (пружинка) ,резинка для волос (пружинка),0,0,0,,,,0,0,other_sale,not observed as subscription product,0
AAEEA4BF01266AD411EB48D8C2EDF7CA,00000000351,РеФорма,реформа,0,0,0,,,,0,0,other_sale,not observed as subscription product,0
AACBA4BF01266AD311EA0613E15A3249,00000000247,Сайкл,сайкл,0,0,0,,,,0,0,other_sale,not observed as subscription product,0
AAACA4BF01266AD311E93E4664B990BD,00000000137,Сайкл 260 р,сайкл 260 р,0,0,0,,,,0,0,other_sale,not observed as subscription product,0
AAB0A4BF01266AD311E961AB3CF218B3,00000000145,Сайкл 300 р,сайкл 300 р,0,0,0,,,,0,0,other_sale,not observed as subscription product,0
B044000C29D830FD11EFFA6865A92CC2,00000001561,Сайкл для начинающих,сайкл для начинающих,0,0,0,,,,0,0,other_sale,not observed as subscription product,0
B057000C29D830FD11F0089F87E1D9D1,00000001579,Сайкл для начинающих без клубной карты,сайкл для начинающих без клубной карты,0,0,0,,,,0,0,other_sale,not observed as subscription product,0
B057000C29D830FD11F0089F6D392D32,00000001578,Сайкл для начинающих при наличии клубной карты,сайкл для начинающих при наличии клубной карты,0,0,0,,,,0,0,other_sale,not observed as subscription product,0
AC38A4BF01266AD411EC4C4FFA0DB901,00000000463,САХАР ГР,сахар гр,0,0,0,,,,0,0,other_sale,not observed as subscription product,0
AC3AA4BF01266AD411EC4F5EC2DC1956,00000000495,СЕЛЬДЕРЕЙ ГР,сельдерей гр,0,0,0,,,,0,0,other_sale,not observed as subscription product,0
AACBA4BF01266AD311EA061914B45E2A,00000000252,Сила (верх) ,сила (верх),0,0,0,,,,0,0,other_sale,not observed as subscription product,0
AFE0000C29D830FD11EFAC9AB73BF4ED,00000001495,Сила (все тело) ,сила (все тело),0,0,0,,,,0,0,other_sale,not observed as subscription product,0
AACBA4BF01266AD311EA06191ADC7C51,00000000253,Сила (низ),сила (низ),0,0,0,,,,0,0,other_sale,not observed as subscription product,0
AACBA4BF01266AD311EA061935F134AB,00000000255,Силовой пилатес,силовой пилатес,0,0,0,,,,0,0,other_sale,not observed as subscription product,0
AB73A4BF01266AD411EBB306790D0D75,00000000386,Сироп вишневый 1 литр,сироп вишневый 1 литр,0,0,0,,,,0,0,other_sale,not observed as subscription product,0
AD0AA4BF01266AD411ED96364AB200C2,00000000907,Смена владельца ,смена владельца,0,0,0,,,,0,0,other_sale,not observed as subscription product,0
AAA5A4BF01266AD311E91A3D4FBC50DD,00000000122,Смена владельца подарочной карты,смена владельца подарочной карты,0,0,0,,,,0,0,other_sale,not observed as subscription product,0
ACE7A4BF01266AD411ED7ABCD6703A39,00000000896,Смена номенклатуры,смена номенклатуры,0,0,0,,,,0,0,other_sale,not observed as subscription product,0
AF79000C29D830FD11EF61309198AE8A,00000001416,"Смесь для блинов ""BOMBBAR"" малина","смесь для блинов ""bombbar"" малина",0,0,0,,,,0,0,other_sale,not observed as subscription product,0
AF79000C29D830FD11EF6130CC42A911,00000001418,"Смесь для блинов ""BOMBBAR"" черная смородина","смесь для блинов ""bombbar"" черная смородина",0,0,0,,,,0,0,other_sale,not observed as subscription product,0
AF79000C29D830FD11EF6130B712AE56,00000001417,"Смесь для блинов ""BOMBBAR"" шоколад","смесь для блинов ""bombbar"" шоколад",0,0,0,,,,0,0,other_sale,not observed as subscription product,0
B162000C29D830FD11F0CC5106EB72A2,00000001688,смесь для приготовления кислородых коктелейм ,смесь для приготовления кислородых коктелейм,0,0,0,,,,0,0,other_sale,not observed as subscription product,0
AD46A4BF01266AD411EDCE0861173939,00000000991,СМЕТАНА ГР,сметана гр,0,0,0,,,,0,0,other_sale,not observed as subscription product,0
AC3AA4BF01266AD411EC4F79290CA093,00000000532,СМУЗИ,смузи,0,0,0,,,,0,0,other_sale,not observed as subscription product,0
AC7AA4BF01266AD411ECE57005770FEC,00000000785,СНИКЕРС МИЛКШЕЙК,сникерс милкшейк,0,0,0,,,,0,0,other_sale,not observed as subscription product,0
AC3AA4BF01266AD411EC4F7A2F876981,00000000538,СОК АНАНАС,сок ананас,0,0,0,,,,0,0,other_sale,not observed as subscription product,0
AC3AA4BF01266AD411EC4F661546F5FD,00000000515,СОК АНАНАС,сок ананас,0,0,0,,,,0,0,other_sale,not observed as subscription product,0
AC3AA4BF01266AD411EC4F6638B7FEDC,00000000517,СОК АПЕЛЬСИН,сок апельсин,0,0,0,,,,0,0,other_sale,not observed as subscription product,0
AC3AA4BF01266AD411EC4F7A440EDF01,00000000539,СОК АПЕЛЬСИН,сок апельсин,0,0,0,,,,0,0,other_sale,not observed as subscription product,0
AC3AA4BF01266AD411EC4F7FAC9D059A,00000000541,СОК ВИШНЯ,сок вишня,0,0,0,,,,0,0,other_sale,not observed as subscription product,0
AC3AA4BF01266AD411EC4F6607A423E4,00000000514,СОК ВИШНЯ,сок вишня,0,0,0,,,,0,0,other_sale,not observed as subscription product,0
AC4FA4BF01266AD411EC7E9B65F2E981,00000000699,сок лимона натур,сок лимона натур,0,0,0,,,,0,0,other_sale,not observed as subscription product,0
AAB5A4BF01266AD311E9941854AAB94A,00000000197,Сок Я Апельсин,сок я апельсин,0,0,0,,,,0,0,other_sale,not observed as subscription product,0
AAB5A4BF01266AD311E99418624D8DB3,00000000199,Сок Я Вишня,сок я вишня,0,0,0,,,,0,0,other_sale,not observed as subscription product,0
AAB5A4BF01266AD311E9941868E35978,00000000200,Сок Я Персик,сок я персик,0,0,0,,,,0,0,other_sale,not observed as subscription product,0
AAB5A4BF01266AD311E994185B36FE02,00000000198,Сок Я Яблоко,сок я яблоко,0,0,0,,,,0,0,other_sale,not observed as subscription product,0
AC3AA4BF01266AD411EC4F7F98E789FF,00000000540,СОК ЯБЛОКО,сок яблоко,0,0,0,,,,0,0,other_sale,not observed as subscription product,0
AC3AA4BF01266AD411EC4F662FB89606,00000000516,СОК ЯБЛОКО,сок яблоко,0,0,0,,,,0,0,other_sale,not observed as subscription product,0
AC3AA4BF01266AD411EC4F65E240E219,00000000513,СОКИ,соки,0,0,0,,,,0,0,other_sale,not observed as subscription product,0
AC3AA4BF01266AD411EC501427DCD6BD,00000000568,СОКИ ФРЕШ,соки фреш,0,0,0,,,,0,0,other_sale,not observed as subscription product,0
AD4BA4BF01266AD411EDD225A1A65D75,00000001004,СОЛЕНАЯ КАРАМЕЛЬ СИРОП WTS 250 мл (без сахара) ,соленая карамель сироп wts 250 мл (без сахара),0,0,0,,,,0,0,other_sale,not observed as subscription product,0
AA9BA4BF01266AD311E8AABCC0ED0D92,00000000054,Солярий 1 минута,солярий 1 минута,0,0,0,,,,0,0,other_sale,not observed as subscription product,0
AFA0000C29D830FD11EF7CC7F7AAE7DD,00000001457,Солярий 5 минут,солярий 5 минут,0,0,0,,,,0,0,other_sale,not observed as subscription product,0
AA9DA4BF01266AD311E8B7358B9573D9,00000000068,СОЛЯРИЙ+ средства гигиены,солярий+ средства гигиены,0,0,0,,,,0,0,other_sale,not observed as subscription product,0
AEBC000C29D830FD11EED09FA89D0238,00000001303,Соус Bombbar  Цезарь 240 гр.,соус bombbar  цезарь 240 гр.,0,0,0,,,,0,0,other_sale,not observed as subscription product,0
AEBC000C29D830FD11EED09F8FAD6812,00000001302,Соус Bombbar  Чили 240 гр.,соус bombbar  чили 240 гр.,0,0,0,,,,0,0,other_sale,not observed as subscription product,0
AE02000C29D830FD11EE4664764229C2,00000001172,Соус Bombbar Апельсиновый с клюквой 240 гр.,соус bombbar апельсиновый с клюквой 240 гр.,0,0,0,,,,0,0,other_sale,not observed as subscription product,0
AE02000C29D830FD11EE466480AE2D76,00000001173,Соус Bombbar Апельсиновый с клюквой 30 гр.,соус bombbar апельсиновый с клюквой 30 гр.,0,0,0,,,,0,0,other_sale,not observed as subscription product,0
AD66A4BF01266AD411EDDF58682CBECE,00000001070,Соус Bombbar Банановый с манго 240 гр.,соус bombbar банановый с манго 240 гр.,0,0,0,,,,0,0,other_sale,not observed as subscription product,0
AD7E000C29E7FC0211EDE8EA226AC616,00000001097,Соус Bombbar Банановый с манго 30 гр.,соус bombbar банановый с манго 30 гр.,0,0,0,,,,0,0,other_sale,not observed as subscription product,0
AEFB000C29D830FD11EF00A11501DE7D,00000001347,Соус Bombbar Барбекю 240 гр.,соус bombbar барбекю 240 гр.,0,0,0,,,,0,0,other_sale,not observed as subscription product,0
AEFB000C29D830FD11EF00A06E11492C,00000001345,Соус Bombbar Брусничный 240 гр.,соус bombbar брусничный 240 гр.,0,0,0,,,,0,0,other_sale,not observed as subscription product,0
AEFB000C29D830FD11EF00A0AA6FA179,00000001346,Соус Bombbar Брусничный 30 гр.,соус bombbar брусничный 30 гр.,0,0,0,,,,0,0,other_sale,not observed as subscription product,0
AEBC000C29D830FD11EED09ECA8EDFA2,00000001300,Соус Bombbar Гранатовый 240 гр.,соус bombbar гранатовый 240 гр.,0,0,0,,,,0,0,other_sale,not observed as subscription product,0
AEBC000C29D830FD11EED09F22560FD6,00000001301,Соус Bombbar Гранатовый 30 гр.,соус bombbar гранатовый 30 гр.,0,0,0,,,,0,0,other_sale,not observed as subscription product,0
AD66A4BF01266AD411EDDF58E2AF282D,00000001074,Соус Bombbar Карамель 240 гр.,соус bombbar карамель 240 гр.,0,0,0,,,,0,0,other_sale,not observed as subscription product,0
AD93000C29D830FD11EDF5718E475699,00000001114,Соус Bombbar Карамель 30 гр.,соус bombbar карамель 30 гр.,0,0,0,,,,0,0,other_sale,not observed as subscription product,0
AEFB000C29D830FD11EF00A13B1924F4,00000001348,Соус Bombbar Кари 240 гр.,соус bombbar кари 240 гр.,0,0,0,,,,0,0,other_sale,not observed as subscription product,0
AD66A4BF01266AD411EDDF5887172267,00000001071,Соус Bombbar Клубничный 240 гр.,соус bombbar клубничный 240 гр.,0,0,0,,,,0,0,other_sale,not observed as subscription product,0
AD93000C29D830FD11EDF5716DDDEB84,00000001113,Соус Bombbar Клубничный 30 гр.,соус bombbar клубничный 30 гр.,0,0,0,,,,0,0,other_sale,not observed as subscription product,0
AEBC000C29D830FD11EED09FF6445B7C,00000001305,Соус Bombbar Майо 240 гр.,соус bombbar майо 240 гр.,0,0,0,,,,0,0,other_sale,not observed as subscription product,0
AD66A4BF01266AD411EDDF5849356635,00000001069,Соус Bombbar Малиновый 240 гр.,соус bombbar малиновый 240 гр.,0,0,0,,,,0,0,other_sale,not observed as subscription product,0
AD7E000C29E7FC0211EDE8E9F3B14CA4,00000001096,Соус Bombbar Малиновый 30 гр.,соус bombbar малиновый 30 гр.,0,0,0,,,,0,0,other_sale,not observed as subscription product,0
AD66A4BF01266AD411EDDF58FC57AF2D,00000001075,Соус Bombbar Сгущенка 240 гр.,соус bombbar сгущенка 240 гр.,0,0,0,,,,0,0,other_sale,not observed as subscription product,0
AD93000C29D830FD11EDF5714D7045FA,00000001112,Соус Bombbar Сгущенка 30 гр.,соус bombbar сгущенка 30 гр.,0,0,0,,,,0,0,other_sale,not observed as subscription product,0
AD66A4BF01266AD411EDDF58CFF3C123,00000001073,Соус Bombbar Сгущенка вареная 240 гр.,соус bombbar сгущенка вареная 240 гр.,0,0,0,,,,0,0,other_sale,not observed as subscription product,0
AD93000C29D830FD11EDF5710500E8C2,00000001111,Соус Bombbar Сгущенка вареная 30 гр.,соус bombbar сгущенка вареная 30 гр.,0,0,0,,,,0,0,other_sale,not observed as subscription product,0
AEBC000C29D830FD11EED09FDB23E18E,00000001304,Соус Bombbar Сладкий томат 240 гр.,соус bombbar сладкий томат 240 гр.,0,0,0,,,,0,0,other_sale,not observed as subscription product,0
AD66A4BF01266AD411EDDF58B2B491D7,00000001072,Соус Bombbar Шоколадный пудинг 240 гр.,соус bombbar шоколадный пудинг 240 гр.,0,0,0,,,,0,0,other_sale,not observed as subscription product,0
AD7E000C29E7FC0211EDE8E993AEB5EC,00000001095,Соус Bombbar Шоколадный пудинг 30 гр,соус bombbar шоколадный пудинг 30 гр,0,0,0,,,,0,0,other_sale,not observed as subscription product,0
AC3AA4BF01266AD411EC501FC6405D25,00000000580,СПОРТИВНОЕ ПИТАНИЕ,спортивное питание,0,0,0,,,,0,0,other_sale,not observed as subscription product,0
AC55A4BF01266AD411EC8E5032ABBD60,00000000712,Спортиниа BCAA манго-папая,спортиниа bcaa манго-папая,0,0,0,,,,0,0,other_sale,not observed as subscription product,0
AC55A4BF01266AD411EC8E506A7214DB,00000000713,Спортиниа LCARNITINE  малина,спортиниа lcarnitine  малина,0,0,0,,,,0,0,other_sale,not observed as subscription product,0
AAB2A4BF01266AD311E9804C82AADA63,00000000161,Спортиния BCAA Ананас,спортиния bcaa ананас,0,0,0,,,,0,0,other_sale,not observed as subscription product,0
AB4EA4BF01266AD411EB96077BF2178F,00000000365,Спортиния BCAA Апельсин,спортиния bcaa апельсин,0,0,0,,,,0,0,other_sale,not observed as subscription product,0
AE0D000C29D830FD11EE4E2BFD768AEE,00000001181,Спортиния BCAA Бабл Гам,спортиния bcaa бабл гам,0,0,0,,,,0,0,other_sale,not observed as subscription product,0
AE4C000C29D830FD11EE7E2504A02D8F,00000001229,Спортиния BCAA Вишня Мята,спортиния bcaa вишня мята,0,0,0,,,,0,0,other_sale,not observed as subscription product,0
AAB2A4BF01266AD311E9804C82AADA62,00000000160,Спортиния BCAA Грейпфрут,спортиния bcaa грейпфрут,0,0,0,,,,0,0,other_sale,not observed as subscription product,0
AE0D000C29D830FD11EE4E2C0B43E294,00000001182,Спортиния BCAA Дыня Мята,спортиния bcaa дыня мята,0,0,0,,,,0,0,other_sale,not observed as subscription product,0
AAD0A4BF01266AD311EA4DA9FFC2F4E6,00000000282,Спортиния BCAA Ежевика,спортиния bcaa ежевика,0,0,0,,,,0,0,other_sale,not observed as subscription product,0
AAD0A4BF01266AD311EA4E2D85238523,00000000283,Спортиния BCAA Ежевика (Blackberry),спортиния bcaa ежевика (blackberry),0,0,0,,,,0,0,other_sale,not observed as subscription product,0
AAB5A4BF01266AD311E994182AC31D69,00000000196,Спортиния BCAA Лимон,спортиния bcaa лимон,0,0,0,,,,0,0,other_sale,not observed as subscription product,0
AAB2A4BF01266AD311E9804C82AADA64,00000000162,Спортиния BCAA Маракуйя,спортиния bcaa маракуйя,0,0,0,,,,0,0,other_sale,not observed as subscription product,0
B121000C29D830FD11F09A0333F0BB51,00000001658,Спортиния BCAA Фейхоа,спортиния bcaa фейхоа,0,0,0,,,,0,0,other_sale,not observed as subscription product,0
AAB2A4BF01266AD311E9804C82AADA65,00000000163,Спортиния BCAA Форте,спортиния bcaa форте,0,0,0,,,,0,0,other_sale,not observed as subscription product,0
AACDA4BF01266AD311EA26F6362024A0,00000000267,Спортиния BCAA черника,спортиния bcaa черника,0,0,0,,,,0,0,other_sale,not observed as subscription product,0
AAB2A4BF01266AD311E980466E91B605,00000000157,Спортиния L-CARNITINE Ананас,спортиния l-carnitine ананас,0,0,0,,,,0,0,other_sale,not observed as subscription product,0
B121000C29D830FD11F09A031881CE91,00000001657,Спортиния L-CARNITINE Апельсин,спортиния l-carnitine апельсин,0,0,0,,,,0,0,other_sale,not observed as subscription product,0
AAB2A4BF01266AD311E980466E91B606,00000000158,Спортиния L-CARNITINE Гранат,спортиния l-carnitine гранат,0,0,0,,,,0,0,other_sale,not observed as subscription product,0
AAB2A4BF01266AD311E980466E91B603,00000000155,Спортиния L-CARNITINE Грейпфрут,спортиния l-carnitine грейпфрут,0,0,0,,,,0,0,other_sale,not observed as subscription product,0
B0C4000C29D830FD11F05671B9FA9A10,00000001625,Спортиния L-CARNITINE Лимон лайм,спортиния l-carnitine лимон лайм,0,0,0,,,,0,0,other_sale,not observed as subscription product,0
AB4EA4BF01266AD411EB9607B0C41A61,00000000366,Спортиния L-CARNITINE Сакура,спортиния l-carnitine сакура,0,0,0,,,,0,0,other_sale,not observed as subscription product,0
AAB2A4BF01266AD311E980466E91B607,00000000159,Спортиния L-CARNITINE Форте,спортиния l-carnitine форте,0,0,0,,,,0,0,other_sale,not observed as subscription product,0
AAB2A4BF01266AD311E980466E91B604,00000000156,Спортиния L-CARNITINE Яблоко,спортиния l-carnitine яблоко,0,0,0,,,,0,0,other_sale,not observed as subscription product,0
B15F000C29D830FD11F0C9CCC21BBFB3,00000001686,спортиния L-cartine Малина,спортиния l-cartine малина,0,0,0,,,,0,0,other_sale,not observed as subscription product,0
AACBA4BF01266AD311EA0620BA76E99F,00000000259,Спортиния Гуарана,спортиния гуарана,0,0,0,,,,0,0,other_sale,not observed as subscription product,0
AC6DA4BF01266AD411ECC54F3DC83232,00000000762,Спортиния Гуарана BLUE (слива),спортиния гуарана blue (слива),0,0,0,,,,0,0,other_sale,not observed as subscription product,0
AC6DA4BF01266AD411ECC54FB6518026,00000000763,Спортиния Гуарана GREN (тоник),спортиния гуарана gren (тоник),0,0,0,,,,0,0,other_sale,not observed as subscription product,0
AC6DA4BF01266AD411ECC54EB12C1E82,00000000761,Спортиния Гуарана YELLOW (манго),спортиния гуарана yellow (манго),0,0,0,,,,0,0,other_sale,not observed as subscription product,0
ADD7000C29D830FD11EE255D450EFB43,00000001146,Спортиния Гуарана ZERO,спортиния гуарана zero,0,0,0,,,,0,0,other_sale,not observed as subscription product,0
AC3AA4BF01266AD411EC4F6E2D613D91,00000000519,СПУМ ДЫНЯ ГР,спум дыня гр,0,0,0,,,,0,0,other_sale,not observed as subscription product,0
AC3AA4BF01266AD411EC4F6F493DBB9B,00000000521,СПУМ КЛУБНИКА ГР,спум клубника гр,0,0,0,,,,0,0,other_sale,not observed as subscription product,0
AC3AA4BF01266AD411EC4F6F3DD98EE2,00000000520,СПУМ МАЛИНА ГР,спум малина гр,0,0,0,,,,0,0,other_sale,not observed as subscription product,0
AC3AA4BF01266AD411EC4F6F523D1AFE,00000000522,СПУМ МАНГО ГР,спум манго гр,0,0,0,,,,0,0,other_sale,not observed as subscription product,0
AC3AA4BF01266AD411EC4F6F5B6C2AAF,00000000523,СПУМ ШОКОЛАД ГР,спум шоколад гр,0,0,0,,,,0,0,other_sale,not observed as subscription product,0
AC3AA4BF01266AD411EC4F664A6A6EF7,00000000518,СПУМ ШТ,спум шт,0,0,0,,,,0,0,other_sale,not observed as subscription product,0
AC5DA4BF01266AD411ECA06ADF55CB8D,00000000733,стакан 500 мл,стакан 500 мл,0,0,0,,,,0,0,other_sale,not observed as subscription product,0
AACBA4BF01266AD311EA0614B1309E06,00000000251,Степ-1,степ-1,0,0,0,,,,0,0,other_sale,not observed as subscription product,0
AACBA4BF01266AD311EA061961007633,00000000256,"Степ-1,5","степ-1,5",0,0,0,,,,0,0,other_sale,not observed as subscription product,0
AC6AA4BF01266AD411ECBFD489564775,00000000758,Степ-2,степ-2,0,0,0,,,,0,0,other_sale,not observed as subscription product,0
AAE2A4BF01266AD411EAF036F037A543,00000000342,Степ-интервал,степ-интервал,0,0,0,,,,0,0,other_sale,not observed as subscription product,0
AA9BA4BF01266AD311E8AABCC0ED0D7D,00000000033,Стикини,стикини,0,0,0,,,,0,0,other_sale,not observed as subscription product,0
AA9EA4BF01266AD311E8C6D3BB76391A,00000000077,Стретчинг,стретчинг,0,0,0,,,,0,0,other_sale,not observed as subscription product,0
AACBA4BF01266AD311EA0619939FE2EE,00000000258,Стретчинг+МФР,стретчинг+мфр,0,0,0,,,,0,0,other_sale,not observed as subscription product,0
B146000C29D830FD11F0B65798913C5D,00000001678,Стрип-пластика,стрип-пластика,0,0,0,,,,0,0,other_sale,not observed as subscription product,0
AADFA4BF01266AD411EABA032F4ACE94,00000000311,Стройное тело,стройное тело,0,0,0,,,,0,0,other_sale,not observed as subscription product,0
AC36A4BF01266AD411EC49448765FC14,00000000443,СТРУЖКА КОКОСА ГР,стружка кокоса гр,0,0,0,,,,0,0,other_sale,not observed as subscription product,0
B176000C29D830FD11F0DB1185FA424B,00000001696,Субаренда,субаренда,0,0,0,,,,0,0,other_sale,not observed as subscription product,0
AF8B000C29D830FD11EF6F440BC3DBE0,00000001433,Субаренда 1 посещение,субаренда 1 посещение,0,0,0,,,,0,0,other_sale,not observed as subscription product,0
AB08A4BF01266AD411EB5EFE957A2CEC,00000000352,Субаренда тренажерного зала 1,субаренда тренажерного зала 1,0,0,0,,,,0,0,other_sale,not observed as subscription product,0
AB08A4BF01266AD411EB5EFEBA6D5315,00000000353,Субаренда тренажерного зала 2,субаренда тренажерного зала 2,0,0,0,,,,0,0,other_sale,not observed as subscription product,0
AEBD000C29D830FD11EED1528E4A3C28,00000001314,Суп борщ красный 250 гр,суп борщ красный 250 гр,0,0,0,,,,0,0,other_sale,not observed as subscription product,0
AE73000C29D830FD11EE9A4FEC16BF75,00000001261,Суп борщ с курицей Главсуп 250гр,суп борщ с курицей главсуп 250гр,0,0,0,,,,0,0,other_sale,not observed as subscription product,0
AE9E000C29D830FD11EEBB53BDB7FDF3,00000001288,Суп борщ Черниговский 300 гр,суп борщ черниговский 300 гр,0,0,0,,,,0,0,other_sale,not observed as subscription product,0
AEBD000C29D830FD11EED1527CB63E9C,00000001313,Суп гороховый копченостями 250 гр,суп гороховый копченостями 250 гр,0,0,0,,,,0,0,other_sale,not observed as subscription product,0
AE7B000C29D830FD11EE9FE0C13B5DBD,00000001267,"Суп гороховый с говядиной ""Вилон""","суп гороховый с говядиной ""вилон""",0,0,0,,,,0,0,other_sale,not observed as subscription product,0
AE7B000C29D830FD11EE9FE07271397B,00000001266,"Суп куриный с лапшой ""ГлавСуп""","суп куриный с лапшой ""главсуп""",0,0,0,,,,0,0,other_sale,not observed as subscription product,0
AF86000C29D830FD11EF6B64A131B150,00000001426,"Суп солянка по-домашнему ""главсуп""","суп солянка по-домашнему ""главсуп""",0,0,0,,,,0,0,other_sale,not observed as subscription product,0
AADFA4BF01266AD411EABA02F5063DC8,00000000310,Супер фигура (мяч) ,супер фигура (мяч),0,0,0,,,,0,0,other_sale,not observed as subscription product,0
AACBA4BF01266AD311EA06127B9F0F7A,00000000242,Супер фигура (пресс),супер фигура (пресс),0,0,0,,,,0,0,other_sale,not observed as subscription product,0
AACBA4BF01266AD311EA06121AE97045,00000000237,Суставная гимнастика,суставная гимнастика,0,0,0,,,,0,0,other_sale,not observed as subscription product,0
AA9EA4BF01266AD311E8C6D3BB76390F,00000000073,Суставная Йога,суставная йога,0,0,0,,,,0,0,other_sale,not observed as subscription product,0
ADEC000C29D830FD11EE351E217EF899,00000001167,Сывороточный протеин Mutant Whey (Ванильное мороженое),сывороточный протеин mutant whey (ванильное мороженое),0,0,0,,,,0,0,other_sale,not observed as subscription product,0
AD46A4BF01266AD411EDCE0785568599,00000000990,Сырники (2шт *70 гр),сырники (2шт *70 гр),0,0,0,,,,0,0,other_sale,not observed as subscription product,0
AEFE000C29D830FD11EF02DCDED1CBB8,00000001373,Сырники с вишней (2шт по 70 гр),сырники с вишней (2шт по 70 гр),0,0,0,,,,0,0,other_sale,not observed as subscription product,0
AB73A4BF01266AD411EBB3061F0C1408,00000000383,Сырье (продукты),сырье (продукты),0,0,0,,,,0,0,other_sale,not observed as subscription product,0
AACBA4BF01266AD311EA06149ED01D91,00000000250,Табата ,табата,0,0,0,,,,0,0,other_sale,not observed as subscription product,0
B030000C29D830FD11EFEAA35B031892,00000001560,Танцевальная тренировка,танцевальная тренировка,0,0,0,,,,0,0,other_sale,not observed as subscription product,0
B030000C29D830FD11EFEAA312410345,00000001559,Танцевальная тренировка (бесплатно),танцевальная тренировка (бесплатно),0,0,0,,,,0,0,other_sale,not observed as subscription product,0
AACBA4BF01266AD311EA06126C183379,00000000241,"Танцуй, Леди","танцуй, леди",0,0,0,,,,0,0,other_sale,not observed as subscription product,0
AC3AA4BF01266AD411EC4F8063AB09C5,00000000547,ТВОРОГ,творог,0,0,0,,,,0,0,other_sale,not observed as subscription product,0
AC36A4BF01266AD411EC493F7CF8693F,00000000427,ТВОРОГ ГР,творог гр,0,0,0,,,,0,0,other_sale,not observed as subscription product,0
AB73A4BF01266AD411EBB3065966A852,00000000385,Творог зернистый 250 г,творог зернистый 250 г,0,0,0,,,,0,0,other_sale,not observed as subscription product,0
AC3AA4BF01266AD411EC4F807CBBB4BE,00000000548,ТВОРОГ.БАНАН.ЙОГУРТ,творог.банан.йогурт,0,0,0,,,,0,0,other_sale,not observed as subscription product,0
AEFB000C29D830FD11EF00B6398C5530,00000001370,Темный шоколад CHIKASPORT ,темный шоколад chikasport,0,0,0,,,,0,0,other_sale,not observed as subscription product,0
AEFB000C29D830FD11EF00B4EDCF8CF0,00000001366,Темный шоколад CHIKASPORT с миндалем,темный шоколад chikasport с миндалем,0,0,0,,,,0,0,other_sale,not observed as subscription product,0
AEFB000C29D830FD11EF00B5F4B481D5,00000001369,Темный шоколад CHIKASPORT с фундуком,темный шоколад chikasport с фундуком,0,0,0,,,,0,0,other_sale,not observed as subscription product,0
AE7A000C29D830FD11EE9F03D15BEA9A,00000001265,Товар,товар,0,0,0,,,,0,0,other_sale,not observed as subscription product,0
AC38A4BF01266AD411EC4C4F4A73B170,00000000460,ТОПИНГ КАРАМЕЛЬ,топинг карамель,0,0,0,,,,0,0,other_sale,not observed as subscription product,0
AC38A4BF01266AD411EC4C4F531871ED,00000000461,ТОПИНГ КЛУБНИКА,топинг клубника,0,0,0,,,,0,0,other_sale,not observed as subscription product,0
AC38A4BF01266AD411EC4C4F42D53262,00000000459,ТОПИНГ ШОКОЛАД,топинг шоколад,0,0,0,,,,0,0,other_sale,not observed as subscription product,0
AC45A4BF01266AD411EC686951A98352,00000000661,ТОПИНГИ,топинги,0,0,0,,,,0,0,other_sale,not observed as subscription product,0
AC3AA4BF01266AD411EC4F5BD500D830,00000000488,ТРОПИКАНА,тропикана,0,0,0,,,,0,0,other_sale,not observed as subscription product,0
AC91A4BF01266AD411ED2F586246DDD6,00000000824,ТЫКВА ГР,тыква гр,0,0,0,,,,0,0,other_sale,not observed as subscription product,0
AA9BA4BF01266AD311E8AABC514530B1,00000000009,Увеличение срока действия,увеличение срока действия,0,0,0,,,,0,0,other_sale,not observed as subscription product,0
B21C000C29D830FD11F156769717F181,00000001743,УЛЬТРА 12 месяцев (рассрочка),ультра 12 месяцев (рассрочка),0,0,0,,,,0,0,other_sale,not observed as subscription product,0
AAB0A4BF01266AD311E964D1BBF3B229,00000000146,Умная сила,умная сила,0,0,0,,,,0,0,other_sale,not observed as subscription product,0
AD22A4BF01266AD411EDA93D9E612659,00000000924,Утеря TRX петли,утеря trx петли,0,0,0,,,,0,0,other_sale,not observed as subscription product,0
AA9BA4BF01266AD311E8AABCC0ED0D9C,00000000064,Утеря валика,утеря валика,0,0,0,,,,0,0,other_sale,not observed as subscription product,0
AA9BA4BF01266AD311E8AABCC0ED0D9A,00000000062,Утеря ключа от шкафчика,утеря ключа от шкафчика,0,0,0,,,,0,0,other_sale,not observed as subscription product,0
AA9BA4BF01266AD311E8AABCC0ED0D99,00000000061,Утеря магнитного ключа-метки,утеря магнитного ключа-метки,0,0,0,,,,0,0,other_sale,not observed as subscription product,0
AC66A4BF01266AD411ECB64CC98CBC9E,00000000750,Утеря манжеты,утеря манжеты,0,0,0,,,,0,0,other_sale,not observed as subscription product,0
AA9BA4BF01266AD311E8AABCC0ED0D9B,00000000063,Утеря номерка от гардероба,утеря номерка от гардероба,0,0,0,,,,0,0,other_sale,not observed as subscription product,0
AD22A4BF01266AD411EDA93D558883A8,00000000923,Утеря фитнес-резинки,утеря фитнес-резинки,0,0,0,,,,0,0,other_sale,not observed as subscription product,0
ABEDA4BF01266AD411EC0CA8283A190F,00000000402,Фитбол,фитбол,0,0,0,,,,0,0,other_sale,not observed as subscription product,0
AC3AA4BF01266AD411EC4F5BFD4E6D14,00000000489,ФИТ-СТАЙЛ,фит-стайл,0,0,0,,,,0,0,other_sale,not observed as subscription product,0
AE12000C29D830FD11EE522F391265CE,00000001195,ФЛЭТ УАЙТ 200мл,флэт уайт 200мл,0,0,0,,,,0,0,other_sale,not observed as subscription product,0
AA9EA4BF01266AD311E8C6D3BB763913,00000000074,Формула стройности,формула стройности,0,0,0,,,,0,0,other_sale,not observed as subscription product,0
AC38A4BF01266AD411EC4C5011BFBAAA,00000000464,ФРАПУЧИНО МАТЧА,фрапучино матча,0,0,0,,,,0,0,other_sale,not observed as subscription product,0
AC36A4BF01266AD411EC493DD1F884B2,00000000424,ФРУКТЫ,фрукты,0,0,0,,,,0,0,other_sale,not observed as subscription product,0
AACBA4BF01266AD311EA061260ACE19C,00000000240,Функциональная тренировка ФТ,функциональная тренировка фт,0,0,0,,,,0,0,other_sale,not observed as subscription product,0
AAB5A4BF01266AD311E99107F60EE319,00000000184,Хатка-йога,хатка-йога,0,0,0,,,,0,0,other_sale,not observed as subscription product,0
AFFC000C29D830FD11EFC29F6B8DFD25,00000001537,"Хлебцы ""Rex"" протеино-злаковые ""Банановый трайфл""","хлебцы ""rex"" протеино-злаковые ""банановый трайфл""",0,0,0,,,,0,0,other_sale,not observed as subscription product,0
AFFC000C29D830FD11EFC29F8D3402FF,00000001538,"Хлебцы ""Rex"" протеино-злаковые ""Тайская дыня""","хлебцы ""rex"" протеино-злаковые ""тайская дыня""",0,0,0,,,,0,0,other_sale,not observed as subscription product,0
AD44A4BF01266AD411EDCCA4A9B08FAE,00000000983,Хлебцы SNAQ FABRIO Рисовые с молочным шоколадом,хлебцы snaq fabrio рисовые с молочным шоколадом,0,0,0,,,,0,0,other_sale,not observed as subscription product,0
AD58A4BF01266AD411EDD795D43C8FBF,00000001011,Хлебцы SNAQ FABRIO Рисовые с молочным шоколадом (коробка),хлебцы snaq fabrio рисовые с молочным шоколадом (коробка),0,0,0,,,,0,0,other_sale,not observed as subscription product,0
AEBC000C29D830FD11EED09DC63E8D85,00000001299,Хлебцы рисовые CRACKLE прованские травы,хлебцы рисовые crackle прованские травы,0,0,0,,,,0,0,other_sale,not observed as subscription product,0
AEBC000C29D830FD11EED09D48E0FBB2,00000001298,Хлебцы рисовые CRACKLE прованские травы и томаты,хлебцы рисовые crackle прованские травы и томаты,0,0,0,,,,0,0,other_sale,not observed as subscription product,0
AE53000C29D830FD11EE83BA1BCDCED5,00000001236,"Холодные 13 900,00 УЛЬТРА 24 месяца","холодные 13 900,00 ультра 24 месяца",0,0,0,,,,0,0,other_sale,not observed as subscription product,0
AC3AA4BF01266AD411EC4F5B41CF139B,00000000486,ЦИТРУСОВЫЙ МИКС,цитрусовый микс,0,0,0,,,,0,0,other_sale,not observed as subscription product,0
AC3AA4BF01266AD411EC4F5998AF61E6,00000000478,ЧАЙ,чай,0,0,0,,,,0,0,other_sale,not observed as subscription product,0
AC4EA4BF01266AD411EC7DCBF33CF945,00000000688,ЧАЙ В ЧАЙНИКЕ,чай в чайнике,0,0,0,,,,0,0,other_sale,not observed as subscription product,0
AC4EA4BF01266AD411EC7DCD9C2FFF05,00000000695,ЧАЙ ЛИСТОВОЙ,чай листовой,0,0,0,,,,0,0,other_sale,not observed as subscription product,0
AC38A4BF01266AD411EC4C4FF35B399E,00000000462,ЧАЙ МАТЧА ГР,чай матча гр,0,0,0,,,,0,0,other_sale,not observed as subscription product,0
AC3BA4BF01266AD411EC529C4FCC8F14,00000000633,чай пакетик,чай пакетик,0,0,0,,,,0,0,other_sale,not observed as subscription product,0
AC5DA4BF01266AD411ECA06B34BAA504,00000000734,чашка суповая,чашка суповая,0,0,0,,,,0,0,other_sale,not observed as subscription product,0
AC3AA4BF01266AD411EC4F79C0CEFB8D,00000000537,ЧЕРНАЯ СМОРОДИНА АЙС 200 мл,черная смородина айс 200 мл,0,0,0,,,,0,0,other_sale,not observed as subscription product,0
AF12000C29D830FD11EF12BB55E02779,00000001383,ЧЕРНАЯ СМОРОДИНА АЙС 300 мл,черная смородина айс 300 мл,0,0,0,,,,0,0,other_sale,not observed as subscription product,0
AC3AA4BF01266AD411EC4F799507F4E9,00000000536,ЧЕРНАЯ СМОРОДИНА ГР,черная смородина гр,0,0,0,,,,0,0,other_sale,not observed as subscription product,0
AC38A4BF01266AD411EC4C4EA807B392,00000000449,ЧЕРНИКА СИРОП ГР,черника сироп гр,0,0,0,,,,0,0,other_sale,not observed as subscription product,0
ACC0A4BF01266AD411ED538D3C385D87,00000000851,ЧИПСЫ,чипсы,0,0,0,,,,0,0,other_sale,not observed as subscription product,0
ADC1000C29D830FD11EE13E994431D7C,00000001129,Чипсы (Томат и базилик) 1+1,чипсы (томат и базилик) 1+1,0,0,0,,,,0,0,other_sale,not observed as subscription product,0
ACC0A4BF01266AD411ED538DF2D7F330,00000000855,"Чипсы протеиновые GEON ""Барбекю""","чипсы протеиновые geon ""барбекю""",0,0,0,,,,0,0,other_sale,not observed as subscription product,0
ACC0A4BF01266AD411ED538E41FDAD46,00000000857,"Чипсы протеиновые GEON ""Варенные раки""","чипсы протеиновые geon ""варенные раки""",0,0,0,,,,0,0,other_sale,not observed as subscription product,0
AEED000C29D830FD11EEF5727832C91C,00000001329,"Чипсы протеиновые GEON ""Лайм и Чили""","чипсы протеиновые geon ""лайм и чили""",0,0,0,,,,0,0,other_sale,not observed as subscription product,0
ACC0A4BF01266AD411ED538D83C20E2A,00000000853,"Чипсы протеиновые GEON ""Лесные грибы""","чипсы протеиновые geon ""лесные грибы""",0,0,0,,,,0,0,other_sale,not observed as subscription product,0
ACC0A4BF01266AD411ED538DB6BE09B7,00000000854,"Чипсы протеиновые GEON ""Прованский травы""","чипсы протеиновые geon ""прованский травы""",0,0,0,,,,0,0,other_sale,not observed as subscription product,0
ACC0A4BF01266AD411ED538D670FAC37,00000000852,"Чипсы протеиновые GEON ""Сливочный сыр""","чипсы протеиновые geon ""сливочный сыр""",0,0,0,,,,0,0,other_sale,not observed as subscription product,0
ACC0A4BF01266AD411ED538E1FE59BC1,00000000856,"Чипсы протеиновые GEON ""Сметана и зелень""","чипсы протеиновые geon ""сметана и зелень""",0,0,0,,,,0,0,other_sale,not observed as subscription product,0
AEED000C29D830FD11EEF5750EE3AB0E,00000001330,"Чипсы протеиновые GEON ""Тайский перец""","чипсы протеиновые geon ""тайский перец""",0,0,0,,,,0,0,other_sale,not observed as subscription product,0
ACD2A4BF01266AD411ED61B50EDC4171,00000000869,"Чипсы цельнозерновые  ""BOMBBAR "" (малосольные огурчики)","чипсы цельнозерновые  ""bombbar "" (малосольные огурчики)",0,0,0,,,,0,0,other_sale,not observed as subscription product,0
ACD2A4BF01266AD411ED61B4E78AF328,00000000868,"Чипсы цельнозерновые  ""BOMBBAR "" (Сметана и зеленый лук)","чипсы цельнозерновые  ""bombbar "" (сметана и зеленый лук)",0,0,0,,,,0,0,other_sale,not observed as subscription product,0
ACD9A4BF01266AD411ED6FDEA5B791A4,00000000879,"Чипсы цельнозерновые  ""BOMBBAR "" (Томат и базилик)","чипсы цельнозерновые  ""bombbar "" (томат и базилик)",0,0,0,,,,0,0,other_sale,not observed as subscription product,0
ACD9A4BF01266AD411ED6FDE73FC6143,00000000878,"Чипсы цельнозерновые протеиновые ""BOMBBAR "" (Бекон с паприкой)","чипсы цельнозерновые протеиновые ""bombbar "" (бекон с паприкой)",0,0,0,,,,0,0,other_sale,not observed as subscription product,0
ACD2A4BF01266AD411ED61B49185B149,00000000866,"Чипсы цельнозерновые протеиновые ""BOMBBAR "" (краб)","чипсы цельнозерновые протеиновые ""bombbar "" (краб)",0,0,0,,,,0,0,other_sale,not observed as subscription product,0
B127000C29D830FD11F09EBC2743E279,00000001662,"Чипсы цельнозерновые протеиновые ""BOMBBAR "" (лобстер)","чипсы цельнозерновые протеиновые ""bombbar "" (лобстер)",0,0,0,,,,0,0,other_sale,not observed as subscription product,0
AD29A4BF01266AD411EDAECA2266A47B,00000000947,"Чипсы цельнозерновые протеиновые ""BOMBBAR "" (Молочный шоколад)","чипсы цельнозерновые протеиновые ""bombbar "" (молочный шоколад)",0,0,0,,,,0,0,other_sale,not observed as subscription product,0
ACD2A4BF01266AD411ED61B4B9BE1C18,00000000867,"Чипсы цельнозерновые протеиновые ""BOMBBAR "" (Нежный сыр)","чипсы цельнозерновые протеиновые ""bombbar "" (нежный сыр)",0,0,0,,,,0,0,other_sale,not observed as subscription product,0
B127000C29D830FD11F09EBC47DAECE5,00000001663,"Чипсы цельнозерновые протеиновые ""BOMBBAR "" (сметана и зелень)","чипсы цельнозерновые протеиновые ""bombbar "" (сметана и зелень)",0,0,0,,,,0,0,other_sale,not observed as subscription product,0
B127000C29D830FD11F09EBCA63FFEA2,00000001665,"Чипсы цельнозерновые протеиновые ""BOMBBAR "" (стейк на гриле)","чипсы цельнозерновые протеиновые ""bombbar "" (стейк на гриле)",0,0,0,,,,0,0,other_sale,not observed as subscription product,0
B127000C29D830FD11F09EBC6A1FA0D9,00000001664,"Чипсы цельнозерновые протеиновые ""BOMBBAR "" (четыре сыра )","чипсы цельнозерновые протеиновые ""bombbar "" (четыре сыра )",0,0,0,,,,0,0,other_sale,not observed as subscription product,0
AA9BA4BF01266AD311E8AABC514530A7,00000000001,Членства,членства,0,0,0,,,,0,0,other_sale,not observed as subscription product,0
AF92000C29D830FD11EF74E0E8E4C7FE,00000001442,Членство детская йога,членство детская йога,0,0,0,,,,0,0,other_sale,not observed as subscription product,0
B1AE000C29D830FD11F106815E29C8A9,00000001713,Шампунь ESTEL AQUA саше,шампунь estel aqua саше,0,0,0,,,,0,0,other_sale,not observed as subscription product,0
AF9A000C29D830FD11EF7A7449C28D88,00000001448,Шампунь ESTEL HYDRO (гидробаланс) саше,шампунь estel hydro (гидробаланс) саше,0,0,0,,,,0,0,other_sale,not observed as subscription product,0
AF9A000C29D830FD11EF7A75038CB23A,00000001450,Шампунь ESTEL SHINE (роскошь блеска) 30 мл,шампунь estel shine (роскошь блеска) 30 мл,0,0,0,,,,0,0,other_sale,not observed as subscription product,0
AF9A000C29D830FD11EF7A73D3AA7FA4,00000001447,Шампунь ESTEL SHINE (роскошь блеска) саше,шампунь estel shine (роскошь блеска) саше,0,0,0,,,,0,0,other_sale,not observed as subscription product,0
AAD4A4BF01266AD311EA5D467C7A2041,00000000290,Шампунь HOTEL Collection саше,шампунь hotel collection саше,0,0,0,,,,0,0,other_sale,not observed as subscription product,0
AA9BA4BF01266AD311E8AABCC0ED0D7E,00000000034,Шапочка д/солярия,шапочка д/солярия,0,0,0,,,,0,0,other_sale,not observed as subscription product,0
AC38A4BF01266AD411EC4C4F3245AA20,00000000458,ШИПОВНИК СИРОП ГР,шиповник сироп гр,0,0,0,,,,0,0,other_sale,not observed as subscription product,0
AC3AA4BF01266AD411EC4F790569B366,00000000531,ШОКОЛАД,шоколад,0,0,0,,,,0,0,other_sale,not observed as subscription product,0
AD4BA4BF01266AD411EDD224A06A8A9D,00000001001,ШОКОЛАД СИРОП WTS ГР (без сахара) ,шоколад сироп wts гр (без сахара),0,0,0,,,,0,0,other_sale,not observed as subscription product,0
AC38A4BF01266AD411EC4C4F23FE53A5,00000000457,ШОКОЛАД СИРОП ГР,шоколад сироп гр,0,0,0,,,,0,0,other_sale,not observed as subscription product,0
AA9BA4BF01266AD311E8AABC514530AA,00000000004,Штрафы,штрафы,0,0,0,,,,0,0,other_sale,not observed as subscription product,0
AC36A4BF01266AD411EC49419CE7B2C7,00000000431,ЭНЕРГИЯ ДНЯ,энергия дня,0,0,0,,,,0,0,other_sale,not observed as subscription product,0
AC36A4BF01266AD411EC49405A55562B,00000000428,ЭНЕРДЖИ АЙС,энерджи айс,0,0,0,,,,0,0,other_sale,not observed as subscription product,0
AC36A4BF01266AD411EC493A2C2296B8,00000000419,ЭНЕРДЖИ БАНАН,энерджи банан,0,0,0,,,,0,0,other_sale,not observed as subscription product,0
AC36A4BF01266AD411EC493F23C90EF9,00000000426,ЭНЕРДЖИ МИЛК,энерджи милк,0,0,0,,,,0,0,other_sale,not observed as subscription product,0
ADE8000C29D830FD11EE31D9626B2E8B,00000001164,"Эскимо Bombbar ""Со вкусом пломбира в сливках"" протеиновое","эскимо bombbar ""со вкусом пломбира в сливках"" протеиновое",0,0,0,,,,0,0,other_sale,not observed as subscription product,0
ADE8000C29D830FD11EE31D99769742E,00000001165,Эскимо Bombbar SNAQ FABRIQ пломбир с миндалем в шоколаде,эскимо bombbar snaq fabriq пломбир с миндалем в шоколаде,0,0,0,,,,0,0,other_sale,not observed as subscription product,0
AC36A4BF01266AD411EC49433D1AC58A,00000000440,ЭСПРЕССО,эспрессо,0,0,0,,,,0,0,other_sale,not observed as subscription product,0
AC3AA4BF01266AD411EC4F76671BA266,00000000526,ЯБЛОКО,яблоко,0,0,0,,,,0,0,other_sale,not observed as subscription product,0
AC36A4BF01266AD411EC4941EBC4E486,00000000433,ЯБЛОКО ГР,яблоко гр,0,0,0,,,,0,0,other_sale,not observed as subscription product,0
AC3AA4BF01266AD411EC4F5804B03023,00000000469,ЯБЛОКО ШТ,яблоко шт,0,0,0,,,,0,0,other_sale,not observed as subscription product,0
AC3AA4BF01266AD411EC4F586890A318,00000000470,ЯБЛОКО ШТ ,яблоко шт,0,0,0,,,,0,0,other_sale,not observed as subscription product,0
AC3AA4BF01266AD411EC501476D6895B,00000000573,ЯБЛОЧНЫЙ ФРЕШ 200 мл,яблочный фреш 200 мл,0,0,0,,,,0,0,other_sale,not observed as subscription product,0
AC3AA4BF01266AD411EC501481C11ACC,00000000574,ЯБЛОЧНЫЙ ФРЕШ 300 мл,яблочный фреш 300 мл,0,0,0,,,,0,0,other_sale,not observed as subscription product,0
AA9EA4BF01266AD311E8C6D3BB763908,00000000069,Ягодицы + пресс,ягодицы + пресс,0,0,0,,,,0,0,other_sale,not observed as subscription product,0
AC3AA4BF01266AD411EC4F611E0D7DF6,00000000507,ЯГОДНЫЙ,ягодный,0,0,0,,,,0,0,other_sale,not observed as subscription product,0
AB51A4BF01266AD411EB9855EE6BC104,00000000367,Абонемент НЕДЕЛЯ КАРЕЛЬСКИЙ,абонемент неделя карельский,70,71,71,8,9,8.028169,0,1,trial_or_guest,trial/guest/short keyword,0
AD19A4BF01266AD411EDA1F924D34F23,00000000921,Абонемент Неделя марафон,абонемент неделя марафон,67,67,67,7,8,7.940298,0,1,trial_or_guest,trial/guest/short keyword,0
AFFF000C29D830FD11EFC51DA148348F,00000001545,Абонемент 2 недели Фитнес,абонемент 2 недели фитнес,540,555,555,2,45,14.000000,0,1,trial_or_guest,trial/guest/short keyword,0
AA9EA4BF01266AD311E8ED722295C17A,00000000111,Абонемент НЕДЕЛЯ САЙТ,абонемент неделя сайт,5283,5503,5503,7,7673,9.781210,0,1,trial_or_guest,trial/guest/short keyword,0
AECB000C29D830FD11EEDC85C5FB57D9,00000001324,Пробное посещение АКВА ,пробное посещение аква,48,48,48,1,169,6.375000,0,1,trial_or_guest,trial/guest/short keyword,0
AD04A4BF01266AD411ED91A42C9B5713,00000000906,Абонемент Неделя Фитнес,абонемент неделя фитнес,475,504,504,7,36,7.099206,0,1,trial_or_guest,trial/guest/short keyword,0
AD04A4BF01266AD411ED91A1077A7A15,00000000905,Абонемент Неделя сайт 2023,абонемент неделя сайт 2023,463,463,463,6,37,7.146868,0,1,trial_or_guest,trial/guest/short keyword,0
AAB0A4BF01266AD311E96FD3649B593A,00000000147,Абонемент НЕДЕЛЯ ДРУГ,абонемент неделя друг,4319,4464,4464,1,7525,10.118055,0,1,trial_or_guest,trial/guest/short keyword,0
AC1CA4BF01266AD411EC30B409A85EAF,00000000414,Абонемент НЕДЕЛЯ ФИТНЕСА БЕСПЛАТНО,абонемент неделя фитнеса бесплатно,424,429,429,7,7,7.000000,0,1,trial_or_guest,trial/guest/short keyword,0
AECB000C29D830FD11EEDC83652ADBBA,00000001323,Разовое посещение АКВА ,разовое посещение аква,42,69,69,1,27,1.956521,0,1,trial_or_guest,trial/guest/short keyword,0
B067000C29D830FD11F01391870722D6,00000001591,Абонемент Неделя Фитнес 190 рублей,абонемент неделя фитнес 190 рублей,25,25,25,7,7,7.000000,0,1,trial_or_guest,trial/guest/short keyword,0
AF0A000C29D830FD11EF0C3E7AF7CA20,00000001379,Абонемент Неделя Фитнес (НОВЫЕ КЛИЕНТЫ),абонемент неделя фитнес (новые клиенты),24,24,24,1,7,6.750000,0,1,trial_or_guest,trial/guest/short keyword,0
AC72A4BF01266AD411ECD10DF4B5B1AE,00000000766,Абонемент 10 ДНЕЙ,абонемент 10 дней,119,122,122,1,11,10.696721,0,1,trial_or_guest,short observed duration <= 14 days,0
AB2EA4BF01266AD411EB7CBC3FB4B8AA,00000000360,Абонемент НЕДЕЛЯ ХОЛОДНЫЕ,абонемент неделя холодные,116,118,118,8,9,8.067796,0,1,trial_or_guest,trial/guest/short keyword,0
B129000C29D830FD11F0A075A51AC71E,00000001672,Абонемент Неделя Фитнес 1 рубль,абонемент неделя фитнес 1 рубль,109,110,110,1,7,6.945454,0,1,trial_or_guest,trial/guest/short keyword,0
AAD4A4BF01266AD311EA6372C1AB9148,00000000293,144 полотенца для ПитерСтрой,144 полотенца для питерстрой,1,2,2,1,1,1.000000,0,1,trial_or_guest,short observed duration <= 14 days,0
B179000C29D830FD11F0DD95636F8ABB,00000001697,Абонемент МУЛЬТИКАРТА 36 месяцев,абонемент мультикарта 36 месяцев,1,1,1,1,1,1.000000,0,1,trial_or_guest,short observed duration <= 14 days,0
B091000C29D830FD11F0348F5A42CAAE,00000001609,СУБАРЕНДА безлимит неделя Савостьянова Ксения,субаренда безлимит неделя савостьянова ксения,1,2,2,7,7,7.000000,0,1,trial_or_guest,trial/guest/short keyword,0
AD2CA4BF01266AD411EDB7F6A90818B8,00000000956,8 недель фитнеса в подарок,8 недель фитнеса в подарок,0,0,0,,,,0,1,trial_or_guest,trial/guest/short keyword,0
AFE2000C29D830FD11EFAE44AF123F5D,00000001497,Step-1 разовое посещение без клубной карты,step-1 разовое посещение без клубной карты,0,0,0,,,,0,1,trial_or_guest,trial/guest/short keyword,0
AFA3000C29D830FD11EF7F2295309884,00000001465,Step-1 разовое посещение при наличии клубной карты,step-1 разовое посещение при наличии клубной карты,0,0,0,,,,0,1,trial_or_guest,trial/guest/short keyword,0
B0CC000C29D830FD11F05C952BE63AE7,00000001636,"Батончик ""SNAQ FABRIQ"" вафельный глазированный с фисташковой пастой и хрустящим тестом","батончик ""snaq fabriq"" вафельный глазированный с фисташковой пастой и хрустящим тестом",0,0,0,,,,0,1,trial_or_guest,trial/guest/short keyword,0
B127000C29D830FD11F09EB843C0C76A,00000001660,батончик SNAQ FABRIO QWIKLER с арахисом и хрустящим тестом,батончик snaq fabrio qwikler с арахисом и хрустящим тестом,0,0,0,,,,0,1,trial_or_guest,trial/guest/short keyword,0
B0CC000C29D830FD11F05C93EBC57647,00000001635,батончик SNAQ FABRIO QWIKLER с фисташкой и хрустящим тестом,батончик snaq fabrio qwikler с фисташкой и хрустящим тестом,0,0,0,,,,0,1,trial_or_guest,trial/guest/short keyword,0
B059000C29D830FD11F0097D7593E5E8,00000001585,батончик SNAQ FABRIO SNAQER ( АРАХИС С ФИСТАШКОЙ И ХРУСТЯЩИМ ТЕСТОМ),батончик snaq fabrio snaqer ( арахис с фисташкой и хрустящим тестом),0,0,0,,,,0,1,trial_or_guest,trial/guest/short keyword,0
B127000C29D830FD11F09EB7D98F24E4,00000001659,батончик SNAQ FABRIO SNAQER ( АРАХИС С ХРУСТЯЩИМ ТЕСТОМ) ,батончик snaq fabrio snaqer ( арахис с хрустящим тестом),0,0,0,,,,0,1,trial_or_guest,trial/guest/short keyword,0
AAD0A4BF01266AD311EA52E8359E0DC5,00000000284,Гостевой визит,гостевой визит,0,0,0,,,,0,1,trial_or_guest,trial/guest/short keyword,0
AFC8000C29D830FD11EF99AC5A41628A,00000001481,Гостевой визит купон,гостевой визит купон,0,0,0,,,,0,1,trial_or_guest,trial/guest/short keyword,0
AAE1A4BF01266AD411EAD244D1FFC9B0,00000000315,Джампинг пробное,джампинг пробное,0,0,0,,,,0,1,trial_or_guest,trial/guest/short keyword,0
AFE2000C29D830FD11EFAE44DEC148D4,00000001498,Джампинг разовое посещение без клубной карты,джампинг разовое посещение без клубной карты,0,0,0,,,,0,1,trial_or_guest,trial/guest/short keyword,0
AAE1A4BF01266AD411EAD260A513AC0B,00000000317,Джампинг разовое посещение при наличии клубной карты,джампинг разовое посещение при наличии клубной карты,0,0,0,,,,0,1,trial_or_guest,trial/guest/short keyword,0
AACBA4BF01266AD311EA0612912CA80C,00000000243,Йога- пробуждение,йога- пробуждение,0,0,0,,,,0,1,trial_or_guest,trial/guest/short keyword,0
BB8808606E6F522E11E922D032BB8CB4,00000000125,Карта Неделя Друг,карта неделя друг,0,0,0,,,,0,1,trial_or_guest,trial/guest/short keyword,0
AAA5A4BF01266AD311E91A3D4FBC50DC,00000000121,Карта Неделя Сайт,карта неделя сайт,0,0,0,,,,0,1,trial_or_guest,trial/guest/short keyword,0
B127000C29D830FD11F09EC07DA6BDEC,00000001669,Молочный шоколад SNAQ FABRIO MILKY (с кешью и хрустящим тестом)в пакете,молочный шоколад snaq fabrio milky (с кешью и хрустящим тестом)в пакете,0,0,0,,,,0,1,trial_or_guest,trial/guest/short keyword,0
B127000C29D830FD11F09EC0B3EC1850,00000001671,Молочный шоколад SNAQ FABRIO MILKY (с фисташковой пастой  и хрустящим тестом)в пакете,молочный шоколад snaq fabrio milky (с фисташковой пастой  и хрустящим тестом)в пакете,0,0,0,,,,0,1,trial_or_guest,trial/guest/short keyword,0
B0CC000C29D830FD11F05C9681EBC147,00000001637,Молочный шоколад SNAQ FABRIO MILKY (с фисташковой пастой и хрустящим тестом) 34 гр,молочный шоколад snaq fabrio milky (с фисташковой пастой и хрустящим тестом) 34 гр,0,0,0,,,,0,1,trial_or_guest,trial/guest/short keyword,0
B0CC000C29D830FD11F05C96BE95CD73,00000001638,Молочный шоколад SNAQ FABRIO MILKY (с фисташковой пастой и хрустящим тестом) 55 гр,молочный шоколад snaq fabrio milky (с фисташковой пастой и хрустящим тестом) 55 гр,0,0,0,,,,0,1,trial_or_guest,trial/guest/short keyword,0
B127000C29D830FD11F09EC09967D82F,00000001670,Молочный шоколад SNAQ FABRIO MILKY (с фундуком  и хрустящим тестом)в пакете,молочный шоколад snaq fabrio milky (с фундуком  и хрустящим тестом)в пакете,0,0,0,,,,0,1,trial_or_guest,trial/guest/short keyword,0
B059000C29D830FD11F0097EDCC51E1C,00000001587,"Печенье ""SNAQ FABRIQ"" глазированное с фисташковой пастой хрустящим тестом и карамелью","печенье ""snaq fabriq"" глазированное с фисташковой пастой хрустящим тестом и карамелью",0,0,0,,,,0,1,trial_or_guest,trial/guest/short keyword,0
B059000C29D830FD11F0097E648A2ED1,00000001586,"Печенье DESSERT ""Фисташковое суфле с хрустящим тестом""","печенье dessert ""фисташковое суфле с хрустящим тестом""",0,0,0,,,,0,1,trial_or_guest,trial/guest/short keyword,0
AAACA4BF01266AD311E940C88DDEF3D2,00000000138,Пробная П/Т,пробная п/т,0,0,0,,,,0,1,trial_or_guest,trial/guest/short keyword,0
AAB5A4BF01266AD311E9932BF8E5E737,00000000191,Пробное посещение АКВА,пробное посещение аква,0,0,0,,,,0,1,trial_or_guest,trial/guest/short keyword,0
AA9EA4BF01266AD311E8D82589232D71,00000000092,Разовая ,разовая,0,0,0,,,,0,1,trial_or_guest,trial/guest/short keyword,0
AA9EA4BF01266AD311E8D82589232D75,00000000095,Разовая ВИП,разовая вип,0,0,0,,,,0,1,trial_or_guest,trial/guest/short keyword,0
AA9BA4BF01266AD311E8AABC514530A9,00000000003,РАЗОВОЕ ПОСЕЩЕНИЕ,разовое посещение,0,0,0,,,,0,1,trial_or_guest,trial/guest/short keyword,0
AA9EA4BF01266AD311E8D82589232D83,00000000109,Разовое посещение,разовое посещение,0,0,0,,,,0,1,trial_or_guest,trial/guest/short keyword,0
ABAAA4BF01266AD411EBDB17D296B250,00000000393,Разовое посещение АКВА ,разовое посещение аква,0,0,0,,,,0,1,trial_or_guest,trial/guest/short keyword,0
AAB5A4BF01266AD311E990DBA6BA4750,00000000179,Разовое посещение АКВА для клиентов Фитнес Империи,разовое посещение аква для клиентов фитнес империи,0,0,0,,,,0,1,trial_or_guest,trial/guest/short keyword,0
AFA0000C29D830FD11EF7CC34E337BD2,00000001454,Сайкл разовое без клубной карты,сайкл разовое без клубной карты,0,0,0,,,,0,1,trial_or_guest,trial/guest/short keyword,0
AA9EA4BF01266AD311E8C6D3BB763918,00000000076,Сайкл разовое при наличии клубной карты,сайкл разовое при наличии клубной карты,0,0,0,,,,0,1,trial_or_guest,trial/guest/short keyword,0
AE51000C29D830FD11EE8202934FD96E,00000001232,Тапочки одноразовые,тапочки одноразовые,0,0,0,,,,0,1,trial_or_guest,trial/guest/short keyword,0
AA9EA4BF01266AD311E8D82589232D73,00000000093,Пакет 8,пакет 8,960,2410,2410,-6773,6996,45.910373,0,0,unknown_review_required,observed in subscription register but no automatic rule matched,1
AE39000C29D830FD11EE6F542E78B80A,00000001218,АКВА 26 посещений,аква 26 посещений,75,78,78,2,184,134.846153,0,0,unknown_review_required,observed in subscription register but no automatic rule matched,1
ACE7A4BF01266AD411ED7ABA1F8B9722,00000000895,АКВА 38 посещений,аква 38 посещений,69,69,69,26,275,154.956521,0,0,unknown_review_required,observed in subscription register but no automatic rule matched,1
AAB5A4BF01266AD311E990DC16190F1E,00000000180,АКВА 40 посещений,аква 40 посещений,601,1016,1016,1,7606,265.086614,0,0,unknown_review_required,observed in subscription register but no automatic rule matched,1
AC3EA4BF01266AD411EC56A05231DDA0,00000000648,СУБАРЕНДА 10 посещений,субаренда 10 посещений,6,11,11,28,31,29.909090,0,0,unknown_review_required,observed in subscription register but no automatic rule matched,1
ABFFA4BF01266AD411EC1AB45199F07D,00000000409,СУБАРЕНДА безлимит,субаренда безлимит,57,814,814,1,8138,40.984029,0,0,unknown_review_required,observed in subscription register but no automatic rule matched,1
AFB8000C29D830FD11EF8D377302B83E,00000001466,"Спец. цена Полина 9 900,00","спец. цена полина 9 900,00",5,5,5,273,273,273.000000,0,0,unknown_review_required,observed in subscription register but no automatic rule matched,1
AB34A4BF01266AD411EB816DD2AE44CE,00000000362,АКВА 35 посещений,аква 35 посещений,41,41,41,111,307,196.975609,0,0,unknown_review_required,observed in subscription register but no automatic rule matched,1
ADD1000C29D830FD11EE20895D03FE2D,00000001144,АКВА 48 посещений,аква 48 посещений,37,37,37,188,348,264.432432,0,0,unknown_review_required,observed in subscription register but no automatic rule matched,1
ABFFA4BF01266AD411EC1AB433F8DB37,00000000408,СУБАРЕНДА 15 посещений,субаренда 15 посещений,37,476,476,5,63,31.193277,0,0,unknown_review_required,observed in subscription register but no automatic rule matched,1
AADDA4BF01266AD411EAA7E8B7F4DA15,00000000306,АКВА 40 посещений САЙТ,аква 40 посещений сайт,32,33,33,134,270,195.363636,0,0,unknown_review_required,observed in subscription register but no automatic rule matched,1
AC5FA4BF01266AD411ECA429A81300FB,00000000735,СУБАРЕНДА 12 посещений,субаренда 12 посещений,31,423,423,18,52,30.929078,0,0,unknown_review_required,observed in subscription register but no automatic rule matched,1
AFE1000C29D830FD11EFAD7D54FAD4B6,00000001496,Танцевальная тренировка (не использовать!!!),танцевальная тренировка (не использовать!!!),29,50,50,30,30,30.000000,0,0,unknown_review_required,observed in subscription register but no automatic rule matched,1
AB34A4BF01266AD411EB816FA5002150,00000000363,АКВА 22 посещения,аква 22 посещения,28,28,28,71,154,101.785714,0,0,unknown_review_required,observed in subscription register but no automatic rule matched,1
AAB5A4BF01266AD311E990DD47D43461,00000000183,АКВА 24 посещения,аква 24 посещения,243,261,261,60,8053,350.264367,0,0,unknown_review_required,observed in subscription register but no automatic rule matched,1
ABFFA4BF01266AD411EC1AB2987E8962,00000000407,СУБАРЕНДА 8 посещений,субаренда 8 посещений,24,80,80,20,9151,144.437500,0,0,unknown_review_required,observed in subscription register but no automatic rule matched,1
AFA3000C29D830FD11EF7EFEFCDDFD1F,00000001464,Подарочный сертификат 1 месяц безлимитного фитнеса,подарочный сертификат 1 месяц безлимитного фитнеса,232,233,233,1,31,30.137339,0,0,unknown_review_required,observed in subscription register but no automatic rule matched,1
AB34A4BF01266AD411EB816D9D2E0EA1,00000000361,АКВА 10 посещений,аква 10 посещений,23,26,26,21,55,41.153846,0,0,unknown_review_required,observed in subscription register but no automatic rule matched,1
AAB5A4BF01266AD311E990DD2427CA1C,00000000182,АКВА 36 посещений,аква 36 посещений,227,258,258,2,976,274.624031,0,0,unknown_review_required,observed in subscription register but no automatic rule matched,1
AAB5A4BF01266AD311E990DCFB01527D,00000000181,АКВА 46 посещений,аква 46 посещений,221,270,270,1,841,313.077777,0,0,unknown_review_required,observed in subscription register but no automatic rule matched,1
AC8FA4BF01266AD411ED282FA9B6A57B,00000000811,АКВА 30 посещений,аква 30 посещений,212,239,239,1,8044,191.665271,0,0,unknown_review_required,observed in subscription register but no automatic rule matched,1
AA9EA4BF01266AD311E8D82589232D74,00000000094,Пакет 12 (персональные тренировки),пакет 12 (персональные тренировки),2051,8790,8790,-6805,7928,55.740500,0,0,unknown_review_required,observed in subscription register but no automatic rule matched,1
AE21000C29D830FD11EE5DCC477B6971,00000001208,АКВА 6 посещений,аква 6 посещений,2,2,2,31,45,38.000000,0,0,unknown_review_required,observed in subscription register but no automatic rule matched,1
B152000C29D830FD11F0BFCCB5A5C951,00000001684,Медленный класс (10 посещений) двойное предложение,медленный класс (10 посещений) двойное предложение,2,4,4,36,60,47.750000,0,0,unknown_review_required,observed in subscription register but no automatic rule matched,1
AE97000C29D830FD11EEB5E224D01D09,00000001279,Наталья триггер2,наталья триггер2,2,2,2,365,366,365.500000,0,0,unknown_review_required,observed in subscription register but no automatic rule matched,1
AD33A4BF01266AD411EDBF1F314FA67E,00000000959,"Спец. цена Яна 11 900,00","спец. цена яна 11 900,00",2,2,2,366,366,366.000000,0,0,unknown_review_required,observed in subscription register but no automatic rule matched,1
ACD9A4BF01266AD411ED6F1D348DCEFB,00000000876,СУБАРЕНДА 20 посещений,субаренда 20 посещений,2,3,3,30,31,30.333333,0,0,unknown_review_required,observed in subscription register but no automatic rule matched,1
AFC7000C29D830FD11EF99133B51EC93,00000001480,Фитнес-марафон 2024,фитнес-марафон 2024,2,2,2,19,19,19.000000,0,0,unknown_review_required,observed in subscription register but no automatic rule matched,1
AD33A4BF01266AD411EDBF1F314FA67F,00000000960,"Спец. цена Яна 10 900,00","спец. цена яна 10 900,00",17,17,17,273,8909,884.470588,0,0,unknown_review_required,observed in subscription register but no automatic rule matched,1
AAB5A4BF01266AD311E9941AF979FC72,00000000202,АКВА 8 посещений,аква 8 посещений,169,198,198,10,8825,76.878787,0,0,unknown_review_required,observed in subscription register but no automatic rule matched,1
AA9EA4BF01266AD311E8D82589232D76,00000000096,Пакет 12 ВИП (персональные тренировки),пакет 12 вип (персональные тренировки),16,57,57,17,7617,316.368421,0,0,unknown_review_required,observed in subscription register but no automatic rule matched,1
AC8FA4BF01266AD411ED282F1D85E118,00000000810,АКВА 18 посещений,аква 18 посещений,150,194,194,25,169,64.391752,0,0,unknown_review_required,observed in subscription register but no automatic rule matched,1
AAB5A4BF01266AD311E9941B0CECB303,00000000203,АКВА 18 посещений,аква 18 посещений,140,162,162,1,169,46.679012,0,0,unknown_review_required,observed in subscription register but no automatic rule matched,1
AA9EA4BF01266AD311E8D82589232D77,00000000097,Пакет 8 ВИП ,пакет 8 вип,13,34,34,8,127,38.941176,0,0,unknown_review_required,observed in subscription register but no automatic rule matched,1
AAB5A4BF01266AD311E9941AEB16049A,00000000201,АКВА 4 посещения,аква 4 посещения,120,156,156,4,186,25.801282,0,0,unknown_review_required,observed in subscription register but no automatic rule matched,1
AE9B000C29D830FD11EEB904C34CBB28,00000001286,АКВА 32 посещения,аква 32 посещения,116,126,126,37,8675,239.476190,0,0,unknown_review_required,observed in subscription register but no automatic rule matched,1
AAE3A4BF01266AD411EB03B098E57A4D,00000000345,АКВА 46 посещений САЙТ,аква 46 посещений сайт,1,1,1,243,243,243.000000,0,0,unknown_review_required,observed in subscription register but no automatic rule matched,1
AD39A4BF01266AD411EDC401EDA97FE7,00000000965,Карта розыгрыш(Мосеева Екатерина Олеговна),карта розыгрыш(мосеева екатерина олеговна),1,1,1,32,32,32.000000,0,0,unknown_review_required,observed in subscription register but no automatic rule matched,1
AEFF000C29D830FD11EF03AA884BB8DE,00000001374,Катя проверка триггер,катя проверка триггер,1,1,1,91,91,91.000000,0,0,unknown_review_required,observed in subscription register but no automatic rule matched,1
AE95000C29D830FD11EEB44107BAD405,00000001278,Наталья триггер,наталья триггер,1,1,1,366,366,366.000000,0,0,unknown_review_required,observed in subscription register but no automatic rule matched,1
ABF0A4BF01266AD411EC0EF77639C4AA,00000000404,Пакет 10 (персональные тренировки),пакет 10 (персональные тренировки),1,1,1,60,60,60.000000,0,0,unknown_review_required,observed in subscription register but no automatic rule matched,1
B02E000C29D830FD11EFE922AA99F790,00000001553,Пакет 6,пакет 6,1,1,1,29,29,29.000000,0,0,unknown_review_required,observed in subscription register but no automatic rule matched,1
B091000C29D830FD11F0348FE0F505B9,00000001610,СУБАРЕНДА безлимит Савостьянова Ксения,субаренда безлимит савостьянова ксения,1,5,5,30,31,30.600000,0,0,unknown_review_required,observed in subscription register but no automatic rule matched,1
